<?xml version='1.0' encoding='UTF-8' ?>   <oval_definitions xmlns="http://oval.mitre.org/XMLSchema/oval-definitions-5" xmlns:oval="http://oval.mitre.org/XMLSchema/oval-common-5" xmlns:oval-def="http://oval.mitre.org/XMLSchema/oval-definitions-5" xmlns:jvnmeta="http://jvndb.jvn.jp/myjvn/jvnmetadata" xmlns:jvndef="http://jvndb.jvn.jp/myjvn/jvndefinitions" xmlns:xsi="http://www.w3.org/2001/XMLSchema-instance" xsi:schemaLocation="http://oval.mitre.org/XMLSchema/oval-definitions-5#windows http://oval.mitre.org/language/download/schema/version5.8/ovaldefinition/minimal/windows-definitions-schema.xsd http://oval.mitre.org/XMLSchema/oval-definitions-5#linux http://oval.mitre.org/language/download/schema/version5.8/ovaldefinition/minimal/linux-definitions-schema.xsd http://oval.mitre.org/XMLSchema/oval-definitions-5#independent http://oval.mitre.org/language/download/schema/version5.8/ovaldefinition/minimal/independent-definitions-schema.xsd http://oval.mitre.org/XMLSchema/oval-definitions-5 https://jvndb.jvn.jp/schema/oval-definitions-schema_5.8.xsd http://oval.mitre.org/XMLSchema/oval-common-5 http://oval.mitre.org/language/download/schema/version5.8/ovaldefinition/minimal/oval-common-schema.xsd http://jvndb.jvn.jp/myjvn/jvnmetadata https://jvndb.jvn.jp/schema/jvnmetadata_0.3.xsd">
    <generator>
      <oval:product_name>MyJVN OVAL Repository</oval:product_name>
      <oval:schema_version>5.8</oval:schema_version>
      <oval:timestamp>2018-02-01T12:08:45+09:00</oval:timestamp>
    </generator>
    <definitions>
      <definition id="oval:jp.jvn.jvndb.v1.oval:def:246" version="1" class="inventory">
        <metadata>
          <title>LibreOffice Version Check</title>
          <affected family="windows">
            <platform>cpe:/o:microsoft:windows_7:-:-:~-~-~-~x64~:-</platform>
          </affected>
          <description>LibreOffice Version Check</description>
          <oval_repository>
            <dates>
              <submitted date="2018-02-01T12:08:45+09:00">
                <contributor organization="Information Promotion Agency, Japan">Security Center</contributor>
              </submitted>
              <status_change date="2018-02-01T12:08:45+09:00">draft</status_change>
              <status>draft</status>
            </dates>
          </oval_repository>
          <jvnmeta:oval-metadata>
            <jvnmeta:title>5.2.0.4 (2016/12/20時点)</jvnmeta:title>
            <jvnmeta:reference source="CPE" ref_id="cpe:/a:documentfoundation:libreoffice:5::~-~-~-~x64~:-" ref_url="https://jvndb.jvn.jp/apis/myjvn/vcchecklist.html#cpid2864"/></jvnmeta:oval-metadata>
        </metadata>
        <criteria operator="OR">
          <criterion comment="LibreOffice 4.0" test_ref="oval:jp.jvn.jvndb.v1.oval:tst:2461"/>
          <criterion comment="LibreOffice 4" test_ref="oval:jp.jvn.jvndb.v1.oval:tst:2462"/>
          <criterion comment="LibreOffice 5" test_ref="oval:jp.jvn.jvndb.v1.oval:tst:2463"/>
          <criterion comment="LibreOffice 4.0 wow64" test_ref="oval:jp.jvn.jvndb.v1.oval:tst:2464"/>
          <criterion comment="LibreOffice 4 wow64" test_ref="oval:jp.jvn.jvndb.v1.oval:tst:2465"/>
          <criterion comment="LibreOffice 5" test_ref="oval:jp.jvn.jvndb.v1.oval:tst:2466"/>
          <criterion comment="LibreOffice 6" test_ref="oval:jp.jvn.jvndb.v1.oval:tst:2467"/>
          <criterion comment="LibreOffice 6 x86" test_ref="oval:jp.jvn.jvndb.v1.oval:tst:2468"/>
        </criteria>
      </definition>
    </definitions>
    <tests>
      <file_test xmlns="http://oval.mitre.org/XMLSchema/oval-definitions-5#windows" id="oval:jp.jvn.jvndb.v1.oval:tst:2461" version="1" comment="LibreOffice 4.0" check="all">
        <object object_ref="oval:jp.jvn.jvndb.v1.oval:obj:2461"/>
        <state state_ref="oval:jp.jvn.jvndb.v1.oval:ste:2461"/>
      </file_test>
      <file_test xmlns="http://oval.mitre.org/XMLSchema/oval-definitions-5#windows" id="oval:jp.jvn.jvndb.v1.oval:tst:2462" version="1" comment="LibreOffice 4" check="all">
        <object object_ref="oval:jp.jvn.jvndb.v1.oval:obj:2462"/>
        <state state_ref="oval:jp.jvn.jvndb.v1.oval:ste:2462"/>
      </file_test>
      <file_test xmlns="http://oval.mitre.org/XMLSchema/oval-definitions-5#windows" id="oval:jp.jvn.jvndb.v1.oval:tst:2463" version="1" comment="LibreOffice 5" check="all">
        <object object_ref="oval:jp.jvn.jvndb.v1.oval:obj:2463"/>
        <state state_ref="oval:jp.jvn.jvndb.v1.oval:ste:2463"/>
      </file_test>
      <file_test xmlns="http://oval.mitre.org/XMLSchema/oval-definitions-5#windows" id="oval:jp.jvn.jvndb.v1.oval:tst:2464" version="1" comment="LibreOffice 4.0 wow64" check="all">
        <object object_ref="oval:jp.jvn.jvndb.v1.oval:obj:2464"/>
        <state state_ref="oval:jp.jvn.jvndb.v1.oval:ste:2464"/>
      </file_test>
      <file_test xmlns="http://oval.mitre.org/XMLSchema/oval-definitions-5#windows" id="oval:jp.jvn.jvndb.v1.oval:tst:2465" version="1" comment="LibreOffice 4 wow64" check="all">
        <object object_ref="oval:jp.jvn.jvndb.v1.oval:obj:2465"/>
        <state state_ref="oval:jp.jvn.jvndb.v1.oval:ste:2465"/>
      </file_test>
      <file_test xmlns="http://oval.mitre.org/XMLSchema/oval-definitions-5#windows" id="oval:jp.jvn.jvndb.v1.oval:tst:2466" version="1" comment="LibreOffice 5" check="all">
        <object object_ref="oval:jp.jvn.jvndb.v1.oval:obj:2466"/>
        <state state_ref="oval:jp.jvn.jvndb.v1.oval:ste:2466"/>
      </file_test>
      <file_test xmlns="http://oval.mitre.org/XMLSchema/oval-definitions-5#windows" id="oval:jp.jvn.jvndb.v1.oval:tst:2467" version="1" comment="LibreOffice 6" check="all">
        <object object_ref="oval:jp.jvn.jvndb.v1.oval:obj:2467"/>
        <state state_ref="oval:jp.jvn.jvndb.v1.oval:ste:2467"/>
      </file_test>
      <file_test xmlns="http://oval.mitre.org/XMLSchema/oval-definitions-5#windows" id="oval:jp.jvn.jvndb.v1.oval:tst:2468" version="1" comment="LibreOffice 6 x86" check="all">
        <object object_ref="oval:jp.jvn.jvndb.v1.oval:obj:2468"/>
        <state state_ref="oval:jp.jvn.jvndb.v1.oval:ste:2468"/>
      </file_test>
    </tests>
    <objects>
      <file_object xmlns="http://oval.mitre.org/XMLSchema/oval-definitions-5#windows" id="oval:jp.jvn.jvndb.v1.oval:obj:2461" version="1">
        <path>C:\Program Files\LibreOffice 4.0\program</path>
        <filename>soffice.exe</filename>
      </file_object>
      <file_object xmlns="http://oval.mitre.org/XMLSchema/oval-definitions-5#windows" id="oval:jp.jvn.jvndb.v1.oval:obj:2462" version="1">
        <path>C:\Program Files\LibreOffice 4\program</path>
        <filename>soffice.exe</filename>
      </file_object>
      <file_object xmlns="http://oval.mitre.org/XMLSchema/oval-definitions-5#windows" id="oval:jp.jvn.jvndb.v1.oval:obj:2463" version="1">
        <path>C:\Program Files\LibreOffice 5\program</path>
        <filename>soffice.exe</filename>
      </file_object>
      <file_object xmlns="http://oval.mitre.org/XMLSchema/oval-definitions-5#windows" id="oval:jp.jvn.jvndb.v1.oval:obj:2464" version="1">
        <path>C:\Program Files (x86)\LibreOffice 4.0\program</path>
        <filename>soffice.exe</filename>
      </file_object>
      <file_object xmlns="http://oval.mitre.org/XMLSchema/oval-definitions-5#windows" id="oval:jp.jvn.jvndb.v1.oval:obj:2465" version="1">
        <path>C:\Program Files (x86)\LibreOffice 4\program</path>
        <filename>soffice.exe</filename>
      </file_object>
      <file_object xmlns="http://oval.mitre.org/XMLSchema/oval-definitions-5#windows" id="oval:jp.jvn.jvndb.v1.oval:obj:2466" version="1">
        <path>C:\Program Files (x86)\LibreOffice 5\program</path>
        <filename>soffice.exe</filename>
      </file_object>
      <file_object xmlns="http://oval.mitre.org/XMLSchema/oval-definitions-5#windows" id="oval:jp.jvn.jvndb.v1.oval:obj:2467" version="1">
        <path>C:\Program Files\LibreOffice\program</path>
        <filename>soffice.exe</filename>
      </file_object>
      <file_object xmlns="http://oval.mitre.org/XMLSchema/oval-definitions-5#windows" id="oval:jp.jvn.jvndb.v1.oval:obj:2468" version="1">
        <path>C:\Program Files (x86)\LibreOffice\program</path>
        <filename>soffice.exe</filename>
      </file_object>
    </objects>
    <states>
      <file_state xmlns="http://oval.mitre.org/XMLSchema/oval-definitions-5#windows" id="oval:jp.jvn.jvndb.v1.oval:ste:2461" version="1">
        <version datatype="version" operation="greater than or equal" var_ref="oval:jp.jvn.jvndb.v1.oval:var:2461">4.0.0.1</version>
      </file_state>
      <file_state xmlns="http://oval.mitre.org/XMLSchema/oval-definitions-5#windows" id="oval:jp.jvn.jvndb.v1.oval:ste:2462" version="1">
        <version datatype="version" operation="greater than or equal" var_ref="oval:jp.jvn.jvndb.v1.oval:var:2462">4.1.0.0</version>
      </file_state>
      <file_state xmlns="http://oval.mitre.org/XMLSchema/oval-definitions-5#windows" id="oval:jp.jvn.jvndb.v1.oval:ste:2463" version="1">
        <version datatype="version" operation="greater than or equal" var_ref="oval:jp.jvn.jvndb.v1.oval:var:2463">5.0.0.0</version>
      </file_state>
      <file_state xmlns="http://oval.mitre.org/XMLSchema/oval-definitions-5#windows" id="oval:jp.jvn.jvndb.v1.oval:ste:2464" version="1">
        <version datatype="version" operation="greater than or equal" var_ref="oval:jp.jvn.jvndb.v1.oval:var:2464">4.0.0.0</version>
      </file_state>
      <file_state xmlns="http://oval.mitre.org/XMLSchema/oval-definitions-5#windows" id="oval:jp.jvn.jvndb.v1.oval:ste:2465" version="1">
        <version datatype="version" operation="greater than or equal" var_ref="oval:jp.jvn.jvndb.v1.oval:var:2465">4.1.0.0</version>
      </file_state>
      <file_state xmlns="http://oval.mitre.org/XMLSchema/oval-definitions-5#windows" id="oval:jp.jvn.jvndb.v1.oval:ste:2466" version="1">
        <version datatype="version" operation="greater than or equal" var_ref="oval:jp.jvn.jvndb.v1.oval:var:2466">5.0.0.0</version>
      </file_state>
      <file_state xmlns="http://oval.mitre.org/XMLSchema/oval-definitions-5#windows" id="oval:jp.jvn.jvndb.v1.oval:ste:2467" version="1">
        <version datatype="version" operation="greater than or equal" var_ref="oval:jp.jvn.jvndb.v1.oval:var:2467">6.0.0.0</version>
      </file_state>
      <file_state xmlns="http://oval.mitre.org/XMLSchema/oval-definitions-5#windows" id="oval:jp.jvn.jvndb.v1.oval:ste:2468" version="1">
        <version datatype="version" operation="greater than or equal" var_ref="oval:jp.jvn.jvndb.v1.oval:var:2468">6.0.0.0</version>
      </file_state>
    </states>
    <variables>
      <external_variable id="oval:jp.jvn.jvndb.v1.oval:var:2461" version="1" comment="コメント" datatype="string"/>
      <external_variable id="oval:jp.jvn.jvndb.v1.oval:var:2462" version="1" comment="コメント" datatype="string"/>
      <external_variable id="oval:jp.jvn.jvndb.v1.oval:var:2463" version="1" comment="コメント" datatype="string"/>
      <external_variable id="oval:jp.jvn.jvndb.v1.oval:var:2464" version="1" comment="コメント" datatype="string"/>
      <external_variable id="oval:jp.jvn.jvndb.v1.oval:var:2465" version="1" comment="コメント" datatype="string"/>
      <external_variable id="oval:jp.jvn.jvndb.v1.oval:var:2466" version="1" comment="コメント" datatype="string"/>
      <external_variable id="oval:jp.jvn.jvndb.v1.oval:var:2467" version="1" comment="コメント" datatype="string"/>
      <external_variable id="oval:jp.jvn.jvndb.v1.oval:var:2468" version="1" comment="コメント" datatype="string"/>
    </variables>
  </oval_definitions>

