<?xml version='1.0' encoding='UTF-8' ?>   <oval_definitions xmlns="http://oval.mitre.org/XMLSchema/oval-definitions-5" xmlns:oval="http://oval.mitre.org/XMLSchema/oval-common-5" xmlns:oval-def="http://oval.mitre.org/XMLSchema/oval-definitions-5" xmlns:jvnmeta="http://jvndb.jvn.jp/myjvn/jvnmetadata" xmlns:jvndef="http://jvndb.jvn.jp/myjvn/jvndefinitions" xmlns:xsi="http://www.w3.org/2001/XMLSchema-instance" xsi:schemaLocation="http://oval.mitre.org/XMLSchema/oval-definitions-5#windows http://oval.mitre.org/language/download/schema/version5.8/ovaldefinition/minimal/windows-definitions-schema.xsd http://oval.mitre.org/XMLSchema/oval-definitions-5#linux http://oval.mitre.org/language/download/schema/version5.8/ovaldefinition/minimal/linux-definitions-schema.xsd http://oval.mitre.org/XMLSchema/oval-definitions-5#independent http://oval.mitre.org/language/download/schema/version5.8/ovaldefinition/minimal/independent-definitions-schema.xsd http://oval.mitre.org/XMLSchema/oval-definitions-5 https://jvndb.jvn.jp/schema/oval-definitions-schema_5.8.xsd http://oval.mitre.org/XMLSchema/oval-common-5 http://oval.mitre.org/language/download/schema/version5.8/ovaldefinition/minimal/oval-common-schema.xsd http://jvndb.jvn.jp/myjvn/jvnmetadata https://jvndb.jvn.jp/schema/jvnmetadata_0.3.xsd">
    <generator>
      <oval:product_name>MyJVN OVAL Repository</oval:product_name>
      <oval:schema_version>5.8</oval:schema_version>
      <oval:timestamp>2013-04-03T18:41:47+09:00</oval:timestamp>
    </generator>
    <definitions>
      <definition id="oval:jp.jvn.jvndb.v1.oval:def:160" version="1" class="inventory">
        <metadata>
          <title>Shockwave Player Version Check</title>
          <affected family="windows">
            <platform>cpe:/o:microsoft:windows_7:-:-:~-~-~-~x64~:-</platform>
          </affected>
          <description>Adobe Shockwave  Player Version Check</description>
          <oval_repository>
            <dates>
              <submitted date="2013-04-03T18:41:47+09:00">
                <contributor organization="Information Promotion Agency, Japan">Security Center</contributor>
              </submitted>
              <status_change date="2013-04-03T18:41:47+09:00">draft</status_change>
              <status>draft</status>
            </dates>
          </oval_repository>
          <jvnmeta:oval-metadata>
            <jvnmeta:title>11.6.0.626(WOW64) (2011/06/23時点)</jvnmeta:title>
            <jvnmeta:reference source="CPE" ref_id="cpe:/a:adobe:shockwave_player:11::~-~-~-~wow64~:-" ref_url="https://jvndb.jvn.jp/apis/myjvn/vcchecklist.html#cpid2152"/></jvnmeta:oval-metadata>
        </metadata>
        <criteria operator="OR">
          <criterion comment="Adobe Shockwave  Player  installed" test_ref="oval:jp.jvn.jvndb.v1.oval:tst:1601"/>
        </criteria>
      </definition>
    </definitions>
    <tests>
      <registry_test xmlns="http://oval.mitre.org/XMLSchema/oval-definitions-5#windows" id="oval:jp.jvn.jvndb.v1.oval:tst:1601" version="1" comment="Adobe Shockwave  Player  installed" check="all">
        <object object_ref="oval:jp.jvn.jvndb.v1.oval:obj:1601"/>
        <state state_ref="oval:jp.jvn.jvndb.v1.oval:ste:1601"/>
      </registry_test>
    </tests>
    <objects>
      <registry_object xmlns="http://oval.mitre.org/XMLSchema/oval-definitions-5#windows" id="oval:jp.jvn.jvndb.v1.oval:obj:1601" version="1">
        <hive>HKEY_LOCAL_MACHINE</hive>
        <key>SOFTWARE\Wow6432Node\Microsoft\Windows\CurrentVersion\Uninstall\Adobe Shockwave Player</key>
        <name>DisplayVersion</name>
      </registry_object>
    </objects>
    <states>
      <registry_state xmlns="http://oval.mitre.org/XMLSchema/oval-definitions-5#windows" id="oval:jp.jvn.jvndb.v1.oval:ste:1601" version="1">
        <value datatype="string" operation="pattern match" var_ref="oval:jp.jvn.jvndb.v1.oval:var:1601">*</value>
      </registry_state>
    </states>
    <variables>
      <external_variable id="oval:jp.jvn.jvndb.v1.oval:var:1601" version="1" comment="コメント" datatype="string"/>
    </variables>
  </oval_definitions>

