<?xml version='1.0' encoding='UTF-8' ?>   <oval_definitions xmlns="http://oval.mitre.org/XMLSchema/oval-definitions-5" xmlns:oval="http://oval.mitre.org/XMLSchema/oval-common-5" xmlns:oval-def="http://oval.mitre.org/XMLSchema/oval-definitions-5" xmlns:jvnmeta="http://jvndb.jvn.jp/myjvn/jvnmetadata" xmlns:jvndef="http://jvndb.jvn.jp/myjvn/jvndefinitions" xmlns:xsi="http://www.w3.org/2001/XMLSchema-instance" xsi:schemaLocation="http://oval.mitre.org/XMLSchema/oval-definitions-5#windows http://oval.mitre.org/language/download/schema/version5.8/ovaldefinition/minimal/windows-definitions-schema.xsd http://oval.mitre.org/XMLSchema/oval-definitions-5#linux http://oval.mitre.org/language/download/schema/version5.8/ovaldefinition/minimal/linux-definitions-schema.xsd http://oval.mitre.org/XMLSchema/oval-definitions-5#independent http://oval.mitre.org/language/download/schema/version5.8/ovaldefinition/minimal/independent-definitions-schema.xsd http://oval.mitre.org/XMLSchema/oval-definitions-5 https://jvndb.jvn.jp/schema/oval-definitions-schema_5.8.xsd http://oval.mitre.org/XMLSchema/oval-common-5 http://oval.mitre.org/language/download/schema/version5.8/ovaldefinition/minimal/oval-common-schema.xsd http://jvndb.jvn.jp/myjvn/jvnmetadata https://jvndb.jvn.jp/schema/jvnmetadata_0.3.xsd">
    <generator>
      <oval:product_name>MyJVN OVAL Repository</oval:product_name>
      <oval:schema_version>5.8</oval:schema_version>
      <oval:timestamp>2013-04-03T18:11:15+09:00</oval:timestamp>
    </generator>
    <definitions>
      <definition id="oval:jp.jvn.jvndb.v1.oval:def:122" version="1" class="inventory">
        <metadata>
          <title>OVALタイトル</title>
          <affected family="unix">
            <platform>cpe:/o:centos:centos:5:-:~-~-~-~-~:-</platform>
          </affected>
          <description>OVAL説明</description>
          <oval_repository>
            <dates>
              <submitted date="2013-04-03T18:11:15+09:00">
                <contributor organization="Information Promotion Agency, Japan">Security Center</contributor>
              </submitted>
              <status_change date="2013-04-03T18:11:15+09:00">draft</status_change>
              <status>draft</status>
            </dates>
          </oval_repository>
          <jvnmeta:oval-metadata>
            <jvnmeta:title>0:5.5.23-0jpp.19.el5_6 (2011/08/05時点) </jvnmeta:title>
            <jvnmeta:reference source="CPE" ref_id="cpe:/a:apache:tomcat:5::~-~-~-~x32~:-" ref_url="https://jvndb.jvn.jp/apis/myjvn/vcchecklist.html#lpid142"/></jvnmeta:oval-metadata>
        </metadata>
        <criteria operator="AND">
          <criterion comment="Tomcat 5.5" test_ref="oval:jp.jvn.jvndb.v1.oval:tst:1221"/>
        </criteria>
      </definition>
    </definitions>
    <tests>
      <rpminfo_test xmlns="http://oval.mitre.org/XMLSchema/oval-definitions-5#linux" id="oval:jp.jvn.jvndb.v1.oval:tst:1221" version="1" comment="Tomcat 5.5" check="all">
        <object object_ref="oval:jp.jvn.jvndb.v1.oval:obj:1221"/>
        <state state_ref="oval:jp.jvn.jvndb.v1.oval:ste:1221"/>
      </rpminfo_test>
    </tests>
    <objects>
      <rpminfo_object xmlns="http://oval.mitre.org/XMLSchema/oval-definitions-5#linux" id="oval:jp.jvn.jvndb.v1.oval:obj:1221" version="1">
        <name>tomcat5</name>
      </rpminfo_object>
    </objects>
    <states>
      <rpminfo_state xmlns="http://oval.mitre.org/XMLSchema/oval-definitions-5#linux" id="oval:jp.jvn.jvndb.v1.oval:ste:1221" version="1">
        <evr operation="greater than or equal" var_ref="oval:jp.jvn.jvndb.v1.oval:var:1221">Z:5.5.0-Z</evr>
      </rpminfo_state>
    </states>
    <variables>
      <external_variable id="oval:jp.jvn.jvndb.v1.oval:var:1221" version="1" comment="コメント" datatype="string"/>
    </variables>
  </oval_definitions>

