<?xml version='1.0' encoding='UTF-8' ?>   <oval_definitions xmlns="http://oval.mitre.org/XMLSchema/oval-definitions-5" xmlns:oval="http://oval.mitre.org/XMLSchema/oval-common-5" xmlns:oval-def="http://oval.mitre.org/XMLSchema/oval-definitions-5" xmlns:jvnmeta="http://jvndb.jvn.jp/myjvn/jvnmetadata" xmlns:jvndef="http://jvndb.jvn.jp/myjvn/jvndefinitions" xmlns:xsi="http://www.w3.org/2001/XMLSchema-instance" xsi:schemaLocation="http://oval.mitre.org/XMLSchema/oval-definitions-5#windows http://oval.mitre.org/language/download/schema/version5.8/ovaldefinition/minimal/windows-definitions-schema.xsd http://oval.mitre.org/XMLSchema/oval-definitions-5#linux http://oval.mitre.org/language/download/schema/version5.8/ovaldefinition/minimal/linux-definitions-schema.xsd http://oval.mitre.org/XMLSchema/oval-definitions-5#independent http://oval.mitre.org/language/download/schema/version5.8/ovaldefinition/minimal/independent-definitions-schema.xsd http://oval.mitre.org/XMLSchema/oval-definitions-5 https://jvndb.jvn.jp/schema/oval-definitions-schema_5.8.xsd http://oval.mitre.org/XMLSchema/oval-common-5 http://oval.mitre.org/language/download/schema/version5.8/ovaldefinition/minimal/oval-common-schema.xsd http://jvndb.jvn.jp/myjvn/jvnmetadata https://jvndb.jvn.jp/schema/jvnmetadata_0.3.xsd">
    <generator>
      <oval:product_name>MyJVN OVAL Repository</oval:product_name>
      <oval:schema_version>5.8</oval:schema_version>
      <oval:timestamp>2013-04-03T18:55:40+09:00</oval:timestamp>
    </generator>
    <definitions>
      <definition id="oval:jp.jvn.jvndb.v1.oval:def:202" version="1" class="inventory">
        <metadata>
          <title>OVALタイトル</title>
          <affected family="windows">
            <platform>cpe:/o:microsoft:windows_7:-:-:~-~-~-~x64~:-</platform>
          </affected>
          <description>OVAL説明</description>
          <oval_repository>
            <dates>
              <submitted date="2013-04-03T18:55:40+09:00">
                <contributor organization="Information Promotion Agency, Japan">Security Center</contributor>
              </submitted>
              <status_change date="2013-04-03T18:55:40+09:00">draft</status_change>
              <status>draft</status>
            </dates>
          </oval_repository>
          <jvnmeta:oval-metadata>
            <jvnmeta:title>3.1.4.385536  (WOW64)(2011/05/24時点)</jvnmeta:title>
            <jvnmeta:reference source="CPE" ref_id="cpe:/a:vmware:player:3::~-~-~-~wow64~:-" ref_url="https://jvndb.jvn.jp/apis/myjvn/vcchecklist.html#cpid2021"/></jvnmeta:oval-metadata>
        </metadata>
        <criteria operator="AND">
          <criterion comment="VMware Player installed" test_ref="oval:jp.jvn.jvndb.v1.oval:tst:2021"/>
        </criteria>
      </definition>
    </definitions>
    <tests>
      <registry_test xmlns="http://oval.mitre.org/XMLSchema/oval-definitions-5#windows" id="oval:jp.jvn.jvndb.v1.oval:tst:2021" version="1" comment="VMware Player installed" check="all">
        <object object_ref="oval:jp.jvn.jvndb.v1.oval:obj:2021"/>
        <state state_ref="oval:jp.jvn.jvndb.v1.oval:ste:2021"/>
      </registry_test>
    </tests>
    <objects>
      <registry_object xmlns="http://oval.mitre.org/XMLSchema/oval-definitions-5#windows" id="oval:jp.jvn.jvndb.v1.oval:obj:2021" version="1">
        <hive>HKEY_LOCAL_MACHINE</hive>
        <key>SOFTWARE\Wow6432Node\VMware, Inc.\VMware Player</key>
        <name>ProductVersion</name>
      </registry_object>
    </objects>
    <states>
      <registry_state xmlns="http://oval.mitre.org/XMLSchema/oval-definitions-5#windows" id="oval:jp.jvn.jvndb.v1.oval:ste:2021" version="1">
        <value datatype="string" operation="pattern match" var_ref="oval:jp.jvn.jvndb.v1.oval:var:2021">*</value>
      </registry_state>
    </states>
    <variables>
      <external_variable id="oval:jp.jvn.jvndb.v1.oval:var:2021" version="1" comment="コメント" datatype="string"/>
    </variables>
  </oval_definitions>

