<?xml version='1.0' encoding='UTF-8' ?>   <oval_definitions xmlns="http://oval.mitre.org/XMLSchema/oval-definitions-5" xmlns:oval="http://oval.mitre.org/XMLSchema/oval-common-5" xmlns:oval-def="http://oval.mitre.org/XMLSchema/oval-definitions-5" xmlns:jvnmeta="http://jvndb.jvn.jp/myjvn/jvnmetadata" xmlns:jvndef="http://jvndb.jvn.jp/myjvn/jvndefinitions" xmlns:xsi="http://www.w3.org/2001/XMLSchema-instance" xsi:schemaLocation="http://oval.mitre.org/XMLSchema/oval-definitions-5#windows http://oval.mitre.org/language/download/schema/version5.8/ovaldefinition/minimal/windows-definitions-schema.xsd http://oval.mitre.org/XMLSchema/oval-definitions-5#linux http://oval.mitre.org/language/download/schema/version5.8/ovaldefinition/minimal/linux-definitions-schema.xsd http://oval.mitre.org/XMLSchema/oval-definitions-5#independent http://oval.mitre.org/language/download/schema/version5.8/ovaldefinition/minimal/independent-definitions-schema.xsd http://oval.mitre.org/XMLSchema/oval-definitions-5 https://jvndb.jvn.jp/schema/oval-definitions-schema_5.8.xsd http://oval.mitre.org/XMLSchema/oval-common-5 http://oval.mitre.org/language/download/schema/version5.8/ovaldefinition/minimal/oval-common-schema.xsd http://jvndb.jvn.jp/myjvn/jvnmetadata https://jvndb.jvn.jp/schema/jvnmetadata_0.3.xsd">
    <generator>
      <oval:product_name>MyJVN OVAL Repository</oval:product_name>
      <oval:schema_version>5.8</oval:schema_version>
      <oval:timestamp>2015-04-07T17:36:18+09:00</oval:timestamp>
    </generator>
    <definitions>
      <definition id="oval:jp.jvn.jvndb.v1.oval:def:7" version="1" class="inventory">
        <metadata>
          <title>Adobe Reader Latest Version Check</title>
          <affected family="windows">
            <platform>cpe:/o:microsoft:windows_7:-:-:~-~-~-~x64~:-</platform>
          </affected>
          <description>Adobe Reader Latest Version Check</description>
          <oval_repository>
            <dates>
              <submitted date="2015-04-07T17:36:18+09:00">
                <contributor organization="Information Promotion Agency, Japan">Security Center</contributor>
              </submitted>
              <status_change date="2015-04-07T17:36:18+09:00">draft</status_change>
              <status>draft</status>
            </dates>
          </oval_repository>
          <jvnmeta:oval-metadata>
            <jvnmeta:title>11.0(WOW64) (2012/10/16時点) ※11.x の最新のバージョンのみが最新と判定されます</jvnmeta:title>
            <jvnmeta:reference source="CPE" ref_id="cpe:/a:adobe:acrobat_reader:10::~-~-~-~wow64~:-" ref_url="https://jvndb.jvn.jp/apis/myjvn/vcchecklist.html#cpid182"/></jvnmeta:oval-metadata>
        </metadata>
        <criteria operator="OR">
          <criterion comment="Adobe Reader 10.x" test_ref="oval:jp.jvn.jvndb.v1.oval:tst:71"/>
          <criterion comment="Adobe Reader 9.x" test_ref="oval:jp.jvn.jvndb.v1.oval:tst:72"/>
          <criterion comment="Adobe Reader 8.x" test_ref="oval:jp.jvn.jvndb.v1.oval:tst:73"/>
          <criterion comment="Adobe Reader 11.x" test_ref="oval:jp.jvn.jvndb.v1.oval:tst:74"/>
          <criterion comment="Adobe Reader DC" test_ref="oval:jp.jvn.jvndb.v1.oval:tst:75"/>
        </criteria>
      </definition>
    </definitions>
    <tests>
      <file_test xmlns="http://oval.mitre.org/XMLSchema/oval-definitions-5#windows" id="oval:jp.jvn.jvndb.v1.oval:tst:71" version="1" comment="Adobe Reader 10.x" check="all">
        <object object_ref="oval:jp.jvn.jvndb.v1.oval:obj:71"/>
        <state state_ref="oval:jp.jvn.jvndb.v1.oval:ste:71"/>
      </file_test>
      <file_test xmlns="http://oval.mitre.org/XMLSchema/oval-definitions-5#windows" id="oval:jp.jvn.jvndb.v1.oval:tst:72" version="1" comment="Adobe Reader 9.x" check="all">
        <object object_ref="oval:jp.jvn.jvndb.v1.oval:obj:72"/>
        <state state_ref="oval:jp.jvn.jvndb.v1.oval:ste:72"/>
      </file_test>
      <file_test xmlns="http://oval.mitre.org/XMLSchema/oval-definitions-5#windows" id="oval:jp.jvn.jvndb.v1.oval:tst:73" version="1" comment="Adobe Reader 8.x" check="all">
        <object object_ref="oval:jp.jvn.jvndb.v1.oval:obj:73"/>
        <state state_ref="oval:jp.jvn.jvndb.v1.oval:ste:73"/>
      </file_test>
      <file_test xmlns="http://oval.mitre.org/XMLSchema/oval-definitions-5#windows" id="oval:jp.jvn.jvndb.v1.oval:tst:74" version="1" comment="Adobe Reader 11.x" check="all">
        <object object_ref="oval:jp.jvn.jvndb.v1.oval:obj:74"/>
        <state state_ref="oval:jp.jvn.jvndb.v1.oval:ste:74"/>
      </file_test>
      <file_test xmlns="http://oval.mitre.org/XMLSchema/oval-definitions-5#windows" id="oval:jp.jvn.jvndb.v1.oval:tst:75" version="1" comment="Adobe Reader DC" check="all">
        <object object_ref="oval:jp.jvn.jvndb.v1.oval:obj:75"/>
        <state state_ref="oval:jp.jvn.jvndb.v1.oval:ste:75"/>
      </file_test>
    </tests>
    <objects>
      <file_object xmlns="http://oval.mitre.org/XMLSchema/oval-definitions-5#windows" id="oval:jp.jvn.jvndb.v1.oval:obj:71" version="1">
        <path>C:\Program Files (x86)\Adobe\Reader 10.0\Reader</path>
        <filename>AcroRd32.exe</filename>
      </file_object>
      <file_object xmlns="http://oval.mitre.org/XMLSchema/oval-definitions-5#windows" id="oval:jp.jvn.jvndb.v1.oval:obj:72" version="1">
        <path>C:\Program Files (x86)\Adobe\Reader 9.0\Reader</path>
        <filename>AcroRd32.exe</filename>
      </file_object>
      <file_object xmlns="http://oval.mitre.org/XMLSchema/oval-definitions-5#windows" id="oval:jp.jvn.jvndb.v1.oval:obj:73" version="1">
        <path>C:\Program Files (x86)\Adobe\Reader 8.0\Reader</path>
        <filename>AcroRd32.exe</filename>
      </file_object>
      <file_object xmlns="http://oval.mitre.org/XMLSchema/oval-definitions-5#windows" id="oval:jp.jvn.jvndb.v1.oval:obj:74" version="1">
        <path>C:\Program Files (x86)\Adobe\Reader 11.0\Reader</path>
        <filename>AcroRd32.exe</filename>
      </file_object>
      <file_object xmlns="http://oval.mitre.org/XMLSchema/oval-definitions-5#windows" id="oval:jp.jvn.jvndb.v1.oval:obj:75" version="1">
        <path>C:\Program Files (x86)\Adobe\Acrobat Reader DC\Reader</path>
        <filename>AcroRd32.dll</filename>
      </file_object>
    </objects>
    <states>
      <file_state xmlns="http://oval.mitre.org/XMLSchema/oval-definitions-5#windows" id="oval:jp.jvn.jvndb.v1.oval:ste:71" version="1">
        <ms_checksum datatype="string" operation="pattern match" var_ref="oval:jp.jvn.jvndb.v1.oval:var:71">*</ms_checksum>
      </file_state>
      <file_state xmlns="http://oval.mitre.org/XMLSchema/oval-definitions-5#windows" id="oval:jp.jvn.jvndb.v1.oval:ste:72" version="1">
        <ms_checksum datatype="string" operation="pattern match" var_ref="oval:jp.jvn.jvndb.v1.oval:var:72">*</ms_checksum>
      </file_state>
      <file_state xmlns="http://oval.mitre.org/XMLSchema/oval-definitions-5#windows" id="oval:jp.jvn.jvndb.v1.oval:ste:73" version="1">
        <ms_checksum datatype="string" operation="pattern match" var_ref="oval:jp.jvn.jvndb.v1.oval:var:73">*</ms_checksum>
      </file_state>
      <file_state xmlns="http://oval.mitre.org/XMLSchema/oval-definitions-5#windows" id="oval:jp.jvn.jvndb.v1.oval:ste:74" version="1">
        <ms_checksum datatype="string" operation="pattern match" var_ref="oval:jp.jvn.jvndb.v1.oval:var:74">*</ms_checksum>
      </file_state>
      <file_state xmlns="http://oval.mitre.org/XMLSchema/oval-definitions-5#windows" id="oval:jp.jvn.jvndb.v1.oval:ste:75" version="1">
        <ms_checksum datatype="string" operation="pattern match" var_ref="oval:jp.jvn.jvndb.v1.oval:var:75">*</ms_checksum>
      </file_state>
    </states>
    <variables>
      <external_variable id="oval:jp.jvn.jvndb.v1.oval:var:71" version="1" comment="コメント" datatype="string"/>
      <external_variable id="oval:jp.jvn.jvndb.v1.oval:var:72" version="1" comment="コメント" datatype="string"/>
      <external_variable id="oval:jp.jvn.jvndb.v1.oval:var:73" version="1" comment="コメント" datatype="string"/>
      <external_variable id="oval:jp.jvn.jvndb.v1.oval:var:74" version="1" comment="コメント" datatype="string"/>
      <external_variable id="oval:jp.jvn.jvndb.v1.oval:var:75" version="1" comment="コメント" datatype="string"/>
    </variables>
  </oval_definitions>

