<?xml version='1.0' encoding='UTF-8' ?>   <oval_definitions xmlns="http://oval.mitre.org/XMLSchema/oval-definitions-5" xmlns:oval="http://oval.mitre.org/XMLSchema/oval-common-5" xmlns:oval-def="http://oval.mitre.org/XMLSchema/oval-definitions-5" xmlns:jvnmeta="http://jvndb.jvn.jp/myjvn/jvnmetadata" xmlns:jvndef="http://jvndb.jvn.jp/myjvn/jvndefinitions" xmlns:xsi="http://www.w3.org/2001/XMLSchema-instance" xsi:schemaLocation="http://oval.mitre.org/XMLSchema/oval-definitions-5#windows http://oval.mitre.org/language/download/schema/version5.8/ovaldefinition/minimal/windows-definitions-schema.xsd http://oval.mitre.org/XMLSchema/oval-definitions-5#linux http://oval.mitre.org/language/download/schema/version5.8/ovaldefinition/minimal/linux-definitions-schema.xsd http://oval.mitre.org/XMLSchema/oval-definitions-5#independent http://oval.mitre.org/language/download/schema/version5.8/ovaldefinition/minimal/independent-definitions-schema.xsd http://oval.mitre.org/XMLSchema/oval-definitions-5 https://jvndb.jvn.jp/schema/oval-definitions-schema_5.8.xsd http://oval.mitre.org/XMLSchema/oval-common-5 http://oval.mitre.org/language/download/schema/version5.8/ovaldefinition/minimal/oval-common-schema.xsd http://jvndb.jvn.jp/myjvn/jvnmetadata https://jvndb.jvn.jp/schema/jvnmetadata_0.3.xsd">
    <generator>
      <oval:product_name>MyJVN OVAL Repository</oval:product_name>
      <oval:schema_version>5.8</oval:schema_version>
      <oval:timestamp>2017-10-04T14:11:47+09:00</oval:timestamp>
    </generator>
    <definitions>
      <definition id="oval:jp.jvn.jvndb.v1.oval:def:190" version="1" class="inventory">
        <metadata>
          <title>OVALタイトル</title>
          <affected family="windows">
            <platform>cpe:/o:microsoft:windows-nt:2003:-:~-~-~-~x64~:-</platform>
            <platform>cpe:/o:microsoft:windows:server_2008:-:~-~-~-~x64~:-</platform>
          </affected>
          <description>OVAL説明</description>
          <oval_repository>
            <dates>
              <submitted date="2017-10-04T14:11:47+09:00">
                <contributor organization="Information Promotion Agency, Japan">Security Center</contributor>
              </submitted>
              <status_change date="2017-10-04T14:11:47+09:00">draft</status_change>
              <status>draft</status>
            </dates>
          </oval_repository>
          <jvnmeta:oval-metadata>
            <jvnmeta:title>7.0.21 (2011/09/14時点) ※7.xの最新バージョンのみが最新と判定されます</jvnmeta:title>
            <jvnmeta:reference source="CPE" ref_id="cpe:/a:apache:tomcat:7::~-~-~-~x64~:-" ref_url="https://jvndb.jvn.jp/apis/myjvn/vcchecklist.html#wpid142"/></jvnmeta:oval-metadata>
        </metadata>
        <criteria operator="OR">
          <criterion comment="Tomcat6-1" test_ref="oval:jp.jvn.jvndb.v1.oval:tst:1901"/>
          <criterion comment="Tomcat5" test_ref="oval:jp.jvn.jvndb.v1.oval:tst:1902"/>
          <criterion comment="Tomcat7-1" test_ref="oval:jp.jvn.jvndb.v1.oval:tst:1903"/>
          <criterion comment="Tomcat7-2" test_ref="oval:jp.jvn.jvndb.v1.oval:tst:1904"/>
          <criterion comment="Tomcat6-2" test_ref="oval:jp.jvn.jvndb.v1.oval:tst:1905"/>
          <criterion comment="Tomcat8" test_ref="oval:jp.jvn.jvndb.v1.oval:tst:1906"/>
          <criterion comment="Tomcat85" test_ref="oval:jp.jvn.jvndb.v1.oval:tst:1907"/>
          <criterion comment="Tomcat9" test_ref="oval:jp.jvn.jvndb.v1.oval:tst:1908"/>
        </criteria>
      </definition>
    </definitions>
    <tests>
      <registry_test xmlns="http://oval.mitre.org/XMLSchema/oval-definitions-5#windows" id="oval:jp.jvn.jvndb.v1.oval:tst:1901" version="1" comment="Tomcat6-1" check="all">
        <object object_ref="oval:jp.jvn.jvndb.v1.oval:obj:1901"/>
        <state state_ref="oval:jp.jvn.jvndb.v1.oval:ste:1901"/>
      </registry_test>
      <registry_test xmlns="http://oval.mitre.org/XMLSchema/oval-definitions-5#windows" id="oval:jp.jvn.jvndb.v1.oval:tst:1902" version="1" comment="Tomcat5" check="all">
        <object object_ref="oval:jp.jvn.jvndb.v1.oval:obj:1902"/>
        <state state_ref="oval:jp.jvn.jvndb.v1.oval:ste:1902"/>
      </registry_test>
      <registry_test xmlns="http://oval.mitre.org/XMLSchema/oval-definitions-5#windows" id="oval:jp.jvn.jvndb.v1.oval:tst:1903" version="1" comment="Tomcat7-1" check="all">
        <object object_ref="oval:jp.jvn.jvndb.v1.oval:obj:1903"/>
        <state state_ref="oval:jp.jvn.jvndb.v1.oval:ste:1903"/>
      </registry_test>
      <registry_test xmlns="http://oval.mitre.org/XMLSchema/oval-definitions-5#windows" id="oval:jp.jvn.jvndb.v1.oval:tst:1904" version="1" comment="Tomcat7-2" check="all">
        <object object_ref="oval:jp.jvn.jvndb.v1.oval:obj:1904"/>
        <state state_ref="oval:jp.jvn.jvndb.v1.oval:ste:1904"/>
      </registry_test>
      <registry_test xmlns="http://oval.mitre.org/XMLSchema/oval-definitions-5#windows" id="oval:jp.jvn.jvndb.v1.oval:tst:1905" version="1" comment="Tomcat6-2" check="all">
        <object object_ref="oval:jp.jvn.jvndb.v1.oval:obj:1905"/>
        <state state_ref="oval:jp.jvn.jvndb.v1.oval:ste:1905"/>
      </registry_test>
      <registry_test xmlns="http://oval.mitre.org/XMLSchema/oval-definitions-5#windows" id="oval:jp.jvn.jvndb.v1.oval:tst:1906" version="1" comment="Tomcat8" check="all">
        <object object_ref="oval:jp.jvn.jvndb.v1.oval:obj:1906"/>
        <state state_ref="oval:jp.jvn.jvndb.v1.oval:ste:1906"/>
      </registry_test>
      <registry_test xmlns="http://oval.mitre.org/XMLSchema/oval-definitions-5#windows" id="oval:jp.jvn.jvndb.v1.oval:tst:1907" version="1" comment="Tomcat85" check="all">
        <object object_ref="oval:jp.jvn.jvndb.v1.oval:obj:1907"/>
        <state state_ref="oval:jp.jvn.jvndb.v1.oval:ste:1907"/>
      </registry_test>
      <registry_test xmlns="http://oval.mitre.org/XMLSchema/oval-definitions-5#windows" id="oval:jp.jvn.jvndb.v1.oval:tst:1908" version="1" comment="Tomcat9" check="all">
        <object object_ref="oval:jp.jvn.jvndb.v1.oval:obj:1908"/>
        <state state_ref="oval:jp.jvn.jvndb.v1.oval:ste:1908"/>
      </registry_test>
    </tests>
    <objects>
      <registry_object xmlns="http://oval.mitre.org/XMLSchema/oval-definitions-5#windows" id="oval:jp.jvn.jvndb.v1.oval:obj:1901" version="1">
        <hive>HKEY_LOCAL_MACHINE</hive>
        <key>SOFTWARE\Apache Software Foundation\Tomcat\6.0</key>
        <name>Version</name>
      </registry_object>
      <registry_object xmlns="http://oval.mitre.org/XMLSchema/oval-definitions-5#windows" id="oval:jp.jvn.jvndb.v1.oval:obj:1902" version="1">
        <hive>HKEY_LOCAL_MACHINE</hive>
        <key>SOFTWARE\Apache Software Foundation\Tomcat\5.5</key>
        <name>Version</name>
      </registry_object>
      <registry_object xmlns="http://oval.mitre.org/XMLSchema/oval-definitions-5#windows" id="oval:jp.jvn.jvndb.v1.oval:obj:1903" version="1">
        <hive>HKEY_LOCAL_MACHINE</hive>
        <key>SOFTWARE\Apache Software Foundation\Tomcat\7.0</key>
        <name>Version</name>
      </registry_object>
      <registry_object xmlns="http://oval.mitre.org/XMLSchema/oval-definitions-5#windows" id="oval:jp.jvn.jvndb.v1.oval:obj:1904" version="1">
        <hive>HKEY_LOCAL_MACHINE</hive>
        <key>SOFTWARE\Apache Software Foundation\Tomcat\7.0\Tomcat7</key>
        <name>Version</name>
      </registry_object>
      <registry_object xmlns="http://oval.mitre.org/XMLSchema/oval-definitions-5#windows" id="oval:jp.jvn.jvndb.v1.oval:obj:1905" version="1">
        <hive>HKEY_LOCAL_MACHINE</hive>
        <key>SOFTWARE\Apache Software Foundation\Tomcat\6.0\Tomcat6</key>
        <name>Version</name>
      </registry_object>
      <registry_object xmlns="http://oval.mitre.org/XMLSchema/oval-definitions-5#windows" id="oval:jp.jvn.jvndb.v1.oval:obj:1906" version="1">
        <hive>HKEY_LOCAL_MACHINE</hive>
        <key>SOFTWARE\Apache Software Foundation\Tomcat\8.0\Tomcat8</key>
        <name>Version</name>
      </registry_object>
      <registry_object xmlns="http://oval.mitre.org/XMLSchema/oval-definitions-5#windows" id="oval:jp.jvn.jvndb.v1.oval:obj:1907" version="1">
        <hive>HKEY_LOCAL_MACHINE</hive>
        <key>SOFTWARE\Apache Software Foundation\Tomcat\8.5\Tomcat8</key>
        <name>Version</name>
      </registry_object>
      <registry_object xmlns="http://oval.mitre.org/XMLSchema/oval-definitions-5#windows" id="oval:jp.jvn.jvndb.v1.oval:obj:1908" version="1">
        <hive>HKEY_LOCAL_MACHINE</hive>
        <key>SOFTWARE\Apache Software Foundation\Tomcat\9.0\Tomcat9</key>
        <name>Version</name>
      </registry_object>
    </objects>
    <states>
      <registry_state xmlns="http://oval.mitre.org/XMLSchema/oval-definitions-5#windows" id="oval:jp.jvn.jvndb.v1.oval:ste:1901" version="1">
        <value datatype="string" operation="pattern match" var_ref="oval:jp.jvn.jvndb.v1.oval:var:1901">6.0.*</value>
      </registry_state>
      <registry_state xmlns="http://oval.mitre.org/XMLSchema/oval-definitions-5#windows" id="oval:jp.jvn.jvndb.v1.oval:ste:1902" version="1">
        <value datatype="string" operation="pattern match" var_ref="oval:jp.jvn.jvndb.v1.oval:var:1902">5.5.*</value>
      </registry_state>
      <registry_state xmlns="http://oval.mitre.org/XMLSchema/oval-definitions-5#windows" id="oval:jp.jvn.jvndb.v1.oval:ste:1903" version="1">
        <value datatype="string" operation="pattern match" var_ref="oval:jp.jvn.jvndb.v1.oval:var:1903">*</value>
      </registry_state>
      <registry_state xmlns="http://oval.mitre.org/XMLSchema/oval-definitions-5#windows" id="oval:jp.jvn.jvndb.v1.oval:ste:1904" version="1">
        <value datatype="string" operation="pattern match" var_ref="oval:jp.jvn.jvndb.v1.oval:var:1904">*</value>
      </registry_state>
      <registry_state xmlns="http://oval.mitre.org/XMLSchema/oval-definitions-5#windows" id="oval:jp.jvn.jvndb.v1.oval:ste:1905" version="1">
        <value datatype="string" operation="pattern match" var_ref="oval:jp.jvn.jvndb.v1.oval:var:1905">6.0.*</value>
      </registry_state>
      <registry_state xmlns="http://oval.mitre.org/XMLSchema/oval-definitions-5#windows" id="oval:jp.jvn.jvndb.v1.oval:ste:1906" version="1">
        <value datatype="string" operation="pattern match" var_ref="oval:jp.jvn.jvndb.v1.oval:var:1906">*</value>
      </registry_state>
      <registry_state xmlns="http://oval.mitre.org/XMLSchema/oval-definitions-5#windows" id="oval:jp.jvn.jvndb.v1.oval:ste:1907" version="1">
        <value datatype="string" operation="pattern match" var_ref="oval:jp.jvn.jvndb.v1.oval:var:1907">*</value>
      </registry_state>
      <registry_state xmlns="http://oval.mitre.org/XMLSchema/oval-definitions-5#windows" id="oval:jp.jvn.jvndb.v1.oval:ste:1908" version="1">
        <value datatype="string" operation="pattern match" var_ref="oval:jp.jvn.jvndb.v1.oval:var:1908">*</value>
      </registry_state>
    </states>
    <variables>
      <external_variable id="oval:jp.jvn.jvndb.v1.oval:var:1901" version="1" comment="コメント" datatype="string"/>
      <external_variable id="oval:jp.jvn.jvndb.v1.oval:var:1902" version="1" comment="コメント" datatype="string"/>
      <external_variable id="oval:jp.jvn.jvndb.v1.oval:var:1903" version="1" comment="コメント" datatype="string"/>
      <external_variable id="oval:jp.jvn.jvndb.v1.oval:var:1904" version="1" comment="コメント" datatype="string"/>
      <external_variable id="oval:jp.jvn.jvndb.v1.oval:var:1905" version="1" comment="コメント" datatype="string"/>
      <external_variable id="oval:jp.jvn.jvndb.v1.oval:var:1906" version="1" comment="コメント" datatype="string"/>
      <external_variable id="oval:jp.jvn.jvndb.v1.oval:var:1907" version="1" comment="コメント" datatype="string"/>
      <external_variable id="oval:jp.jvn.jvndb.v1.oval:var:1908" version="1" comment="コメント" datatype="string"/>
    </variables>
  </oval_definitions>

