<?xml version='1.0' encoding='UTF-8' ?>   <oval_definitions xmlns="http://oval.mitre.org/XMLSchema/oval-definitions-5" xmlns:oval="http://oval.mitre.org/XMLSchema/oval-common-5" xmlns:oval-def="http://oval.mitre.org/XMLSchema/oval-definitions-5" xmlns:jvnmeta="http://jvndb.jvn.jp/myjvn/jvnmetadata" xmlns:jvndef="http://jvndb.jvn.jp/myjvn/jvndefinitions" xmlns:xsi="http://www.w3.org/2001/XMLSchema-instance" xsi:schemaLocation="http://oval.mitre.org/XMLSchema/oval-definitions-5#windows http://oval.mitre.org/language/download/schema/version5.8/ovaldefinition/minimal/windows-definitions-schema.xsd http://oval.mitre.org/XMLSchema/oval-definitions-5#linux http://oval.mitre.org/language/download/schema/version5.8/ovaldefinition/minimal/linux-definitions-schema.xsd http://oval.mitre.org/XMLSchema/oval-definitions-5#independent http://oval.mitre.org/language/download/schema/version5.8/ovaldefinition/minimal/independent-definitions-schema.xsd http://oval.mitre.org/XMLSchema/oval-definitions-5 https://jvndb.jvn.jp/schema/oval-definitions-schema_5.8.xsd http://oval.mitre.org/XMLSchema/oval-common-5 http://oval.mitre.org/language/download/schema/version5.8/ovaldefinition/minimal/oval-common-schema.xsd http://jvndb.jvn.jp/myjvn/jvnmetadata https://jvndb.jvn.jp/schema/jvnmetadata_0.3.xsd">
    <generator>
      <oval:product_name>MyJVN OVAL Repository</oval:product_name>
      <oval:schema_version>5.8</oval:schema_version>
      <oval:timestamp>2014-01-31T13:11:07+09:00</oval:timestamp>
    </generator>
    <definitions>
      <definition id="oval:jp.jvn.jvndb.v1.oval:def:128" version="1" class="inventory">
        <metadata>
          <title>OVALタイトル</title>
          <affected family="windows">
            <platform>cpe:/o:microsoft:windows-nt:2003:-:~-~-~-~-~:-</platform>
            <platform>cpe:/o:microsoft:windows:server_2008:-:~-~-~-~x32~:-</platform>
          </affected>
          <description>OVAL説明</description>
          <oval_repository>
            <dates>
              <submitted date="2014-01-31T13:11:07+09:00">
                <contributor organization="Information Promotion Agency, Japan">Security Center</contributor>
              </submitted>
              <status_change date="2014-01-31T13:11:07+09:00">draft</status_change>
              <status>draft</status>
            </dates>
          </oval_repository>
          <jvnmeta:oval-metadata>
            <jvnmeta:title>9.8.0-P4 (2011/08/16時点) </jvnmeta:title>
            <jvnmeta:reference source="CPE" ref_id="cpe:/a:isc:bind:9::~-~-~-~x32~:-" ref_url="https://jvndb.jvn.jp/apis/myjvn/vcchecklist.html#wpid140"/></jvnmeta:oval-metadata>
        </metadata>
        <criteria operator="AND">
          <criterion comment="BIND" test_ref="oval:jp.jvn.jvndb.v1.oval:tst:1281"/>
        </criteria>
      </definition>
    </definitions>
    <tests>
      <file_test xmlns="http://oval.mitre.org/XMLSchema/oval-definitions-5#windows" id="oval:jp.jvn.jvndb.v1.oval:tst:1281" version="1" comment="BIND" check="all">
        <object object_ref="oval:jp.jvn.jvndb.v1.oval:obj:1281"/>
        <state state_ref="oval:jp.jvn.jvndb.v1.oval:ste:1281"/>
      </file_test>
    </tests>
    <objects>
      <file_object xmlns="http://oval.mitre.org/XMLSchema/oval-definitions-5#windows" id="oval:jp.jvn.jvndb.v1.oval:obj:1281" version="1">
        <path>C:\WINDOWS\system32\dns\bin</path>
        <filename>named.exe</filename>
      </file_object>
    </objects>
    <states>
      <file_state xmlns="http://oval.mitre.org/XMLSchema/oval-definitions-5#windows" id="oval:jp.jvn.jvndb.v1.oval:ste:1281" version="1">
        <ms_checksum datatype="string" operation="pattern match" var_ref="oval:jp.jvn.jvndb.v1.oval:var:1281">*</ms_checksum>
      </file_state>
    </states>
    <variables>
      <external_variable id="oval:jp.jvn.jvndb.v1.oval:var:1281" version="1" comment="コメント" datatype="string"/>
    </variables>
  </oval_definitions>

