<?xml version='1.0' encoding='UTF-8' ?>   <oval_definitions xmlns="http://oval.mitre.org/XMLSchema/oval-definitions-5" xmlns:oval="http://oval.mitre.org/XMLSchema/oval-common-5" xmlns:oval-def="http://oval.mitre.org/XMLSchema/oval-definitions-5" xmlns:jvnmeta="http://jvndb.jvn.jp/myjvn/jvnmetadata" xmlns:jvndef="http://jvndb.jvn.jp/myjvn/jvndefinitions" xmlns:xsi="http://www.w3.org/2001/XMLSchema-instance" xsi:schemaLocation="http://oval.mitre.org/XMLSchema/oval-definitions-5#windows http://oval.mitre.org/language/download/schema/version5.8/ovaldefinition/minimal/windows-definitions-schema.xsd http://oval.mitre.org/XMLSchema/oval-definitions-5#linux http://oval.mitre.org/language/download/schema/version5.8/ovaldefinition/minimal/linux-definitions-schema.xsd http://oval.mitre.org/XMLSchema/oval-definitions-5#independent http://oval.mitre.org/language/download/schema/version5.8/ovaldefinition/minimal/independent-definitions-schema.xsd http://oval.mitre.org/XMLSchema/oval-definitions-5 https://jvndb.jvn.jp/schema/oval-definitions-schema_5.8.xsd http://oval.mitre.org/XMLSchema/oval-common-5 http://oval.mitre.org/language/download/schema/version5.8/ovaldefinition/minimal/oval-common-schema.xsd http://jvndb.jvn.jp/myjvn/jvnmetadata https://jvndb.jvn.jp/schema/jvnmetadata_0.3.xsd">
    <generator>
      <oval:product_name>MyJVN OVAL Repository</oval:product_name>
      <oval:schema_version>5.8</oval:schema_version>
      <oval:timestamp>2018-05-01T12:28:33+09:00</oval:timestamp>
    </generator>
    <definitions>
      <definition id="oval:jp.jvn.jvndb.v1.oval:def:155" version="1" class="inventory">
        <metadata>
          <title>Mozilla Firefox Version Check</title>
          <affected family="windows">
            <platform>cpe:/o:microsoft:windows_7:-:-:~-~-~-~x64~:-</platform>
          </affected>
          <description>Mozilla Firefox Version Check</description>
          <oval_repository>
            <dates>
              <submitted date="2018-05-01T12:28:33+09:00">
                <contributor organization="Information Promotion Agency, Japan">Security Center</contributor>
              </submitted>
              <status_change date="2018-05-01T12:28:33+09:00">draft</status_change>
              <status>draft</status>
            </dates>
          </oval_repository>
          <jvnmeta:oval-metadata>
            <jvnmeta:title>5.0.1/3.6.19(WOW64) (2011/07/14時点)</jvnmeta:title>
            <jvnmeta:reference source="CPE" ref_id="cpe:/a:mozilla:firefox:5::~-~-~-~wow64~:-" ref_url="https://jvndb.jvn.jp/apis/myjvn/vcchecklist.html#cpid170"/></jvnmeta:oval-metadata>
        </metadata>
        <criteria operator="OR">
          <criterion comment="Mozila Firefox version check" test_ref="oval:jp.jvn.jvndb.v1.oval:tst:1551"/>
          <criterion comment="Firefox x64" test_ref="oval:jp.jvn.jvndb.v1.oval:tst:1552"/>
          <criterion comment="Mozila Firefox ESR wow64" test_ref="oval:jp.jvn.jvndb.v1.oval:tst:1553"/>
          <criterion comment="Mozila Firefox ESR 64" test_ref="oval:jp.jvn.jvndb.v1.oval:tst:1554"/>
        </criteria>
      </definition>
    </definitions>
    <tests>
      <registry_test xmlns="http://oval.mitre.org/XMLSchema/oval-definitions-5#windows" id="oval:jp.jvn.jvndb.v1.oval:tst:1551" version="1" comment="Mozila Firefox version check" check="all">
        <object object_ref="oval:jp.jvn.jvndb.v1.oval:obj:1551"/>
        <state state_ref="oval:jp.jvn.jvndb.v1.oval:ste:1551"/>
      </registry_test>
      <registry_test xmlns="http://oval.mitre.org/XMLSchema/oval-definitions-5#windows" id="oval:jp.jvn.jvndb.v1.oval:tst:1552" version="1" comment="Firefox x64" check="all">
        <object object_ref="oval:jp.jvn.jvndb.v1.oval:obj:1552"/>
        <state state_ref="oval:jp.jvn.jvndb.v1.oval:ste:1552"/>
      </registry_test>
      <registry_test xmlns="http://oval.mitre.org/XMLSchema/oval-definitions-5#windows" id="oval:jp.jvn.jvndb.v1.oval:tst:1553" version="1" comment="Mozila Firefox ESR wow64" check="all">
        <object object_ref="oval:jp.jvn.jvndb.v1.oval:obj:1553"/>
        <state state_ref="oval:jp.jvn.jvndb.v1.oval:ste:1553"/>
      </registry_test>
      <registry_test xmlns="http://oval.mitre.org/XMLSchema/oval-definitions-5#windows" id="oval:jp.jvn.jvndb.v1.oval:tst:1554" version="1" comment="Mozila Firefox ESR 64" check="all">
        <object object_ref="oval:jp.jvn.jvndb.v1.oval:obj:1554"/>
        <state state_ref="oval:jp.jvn.jvndb.v1.oval:ste:1554"/>
      </registry_test>
    </tests>
    <objects>
      <registry_object xmlns="http://oval.mitre.org/XMLSchema/oval-definitions-5#windows" id="oval:jp.jvn.jvndb.v1.oval:obj:1551" version="1">
        <hive>HKEY_LOCAL_MACHINE</hive>
        <key>SOFTWARE\Wow6432Node\Mozilla\Mozilla Firefox</key>
        <name>CurrentVersion</name>
      </registry_object>
      <registry_object xmlns="http://oval.mitre.org/XMLSchema/oval-definitions-5#windows" id="oval:jp.jvn.jvndb.v1.oval:obj:1552" version="1">
        <hive>HKEY_LOCAL_MACHINE</hive>
        <key>SOFTWARE\Mozilla\Mozilla Firefox</key>
        <name>CurrentVersion</name>
      </registry_object>
      <registry_object xmlns="http://oval.mitre.org/XMLSchema/oval-definitions-5#windows" id="oval:jp.jvn.jvndb.v1.oval:obj:1553" version="1">
        <hive>HKEY_LOCAL_MACHINE</hive>
        <key>SOFTWARE\Wow6432Node\Mozilla\Mozilla Firefox ESR</key>
        <name>CurrentVersion</name>
      </registry_object>
      <registry_object xmlns="http://oval.mitre.org/XMLSchema/oval-definitions-5#windows" id="oval:jp.jvn.jvndb.v1.oval:obj:1554" version="1">
        <hive>HKEY_LOCAL_MACHINE</hive>
        <key>SOFTWARE\Mozilla\Mozilla Firefox ESR</key>
        <name>CurrentVersion</name>
      </registry_object>
    </objects>
    <states>
      <registry_state xmlns="http://oval.mitre.org/XMLSchema/oval-definitions-5#windows" id="oval:jp.jvn.jvndb.v1.oval:ste:1551" version="1">
        <value datatype="string" operation="pattern match" var_ref="oval:jp.jvn.jvndb.v1.oval:var:1551">*</value>
      </registry_state>
      <registry_state xmlns="http://oval.mitre.org/XMLSchema/oval-definitions-5#windows" id="oval:jp.jvn.jvndb.v1.oval:ste:1552" version="1">
        <value datatype="string" operation="pattern match" var_ref="oval:jp.jvn.jvndb.v1.oval:var:1552">*</value>
      </registry_state>
      <registry_state xmlns="http://oval.mitre.org/XMLSchema/oval-definitions-5#windows" id="oval:jp.jvn.jvndb.v1.oval:ste:1553" version="1">
        <value datatype="string" operation="pattern match" var_ref="oval:jp.jvn.jvndb.v1.oval:var:1553">*</value>
      </registry_state>
      <registry_state xmlns="http://oval.mitre.org/XMLSchema/oval-definitions-5#windows" id="oval:jp.jvn.jvndb.v1.oval:ste:1554" version="1">
        <value datatype="string" operation="pattern match" var_ref="oval:jp.jvn.jvndb.v1.oval:var:1554">*</value>
      </registry_state>
    </states>
    <variables>
      <external_variable id="oval:jp.jvn.jvndb.v1.oval:var:1551" version="1" comment="コメント" datatype="string"/>
      <external_variable id="oval:jp.jvn.jvndb.v1.oval:var:1552" version="1" comment="コメント" datatype="string"/>
      <external_variable id="oval:jp.jvn.jvndb.v1.oval:var:1553" version="1" comment="コメント" datatype="string"/>
      <external_variable id="oval:jp.jvn.jvndb.v1.oval:var:1554" version="1" comment="コメント" datatype="string"/>
    </variables>
  </oval_definitions>

