<?xml version='1.0' encoding='UTF-8' ?>   <oval_definitions xmlns="http://oval.mitre.org/XMLSchema/oval-definitions-5" xmlns:oval="http://oval.mitre.org/XMLSchema/oval-common-5" xmlns:oval-def="http://oval.mitre.org/XMLSchema/oval-definitions-5" xmlns:jvnmeta="http://jvndb.jvn.jp/myjvn/jvnmetadata" xmlns:jvndef="http://jvndb.jvn.jp/myjvn/jvndefinitions" xmlns:xsi="http://www.w3.org/2001/XMLSchema-instance" xsi:schemaLocation="http://oval.mitre.org/XMLSchema/oval-definitions-5#windows http://oval.mitre.org/language/download/schema/version5.8/ovaldefinition/minimal/windows-definitions-schema.xsd http://oval.mitre.org/XMLSchema/oval-definitions-5#linux http://oval.mitre.org/language/download/schema/version5.8/ovaldefinition/minimal/linux-definitions-schema.xsd http://oval.mitre.org/XMLSchema/oval-definitions-5#independent http://oval.mitre.org/language/download/schema/version5.8/ovaldefinition/minimal/independent-definitions-schema.xsd http://oval.mitre.org/XMLSchema/oval-definitions-5 https://jvndb.jvn.jp/schema/oval-definitions-schema_5.8.xsd http://oval.mitre.org/XMLSchema/oval-common-5 http://oval.mitre.org/language/download/schema/version5.8/ovaldefinition/minimal/oval-common-schema.xsd http://jvndb.jvn.jp/myjvn/jvnmetadata https://jvndb.jvn.jp/schema/jvnmetadata_0.3.xsd">
    <generator>
      <oval:product_name>MyJVN OVAL Repository</oval:product_name>
      <oval:schema_version>5.8</oval:schema_version>
      <oval:timestamp>2013-04-15T12:33:18+09:00</oval:timestamp>
    </generator>
    <definitions>
      <definition id="oval:jp.jvn.jvndb.v1.oval:def:148" version="1" class="inventory">
        <metadata>
          <title>Lhaplus Latest Version Check</title>
          <affected family="windows">
            <platform>cpe:/o:microsoft:windows_7:-:-:~-~-~-~x64~:-</platform>
          </affected>
          <description>Lhaplus Latest Version Check</description>
          <oval_repository>
            <dates>
              <submitted date="2013-04-15T12:33:18+09:00">
                <contributor organization="Information Promotion Agency, Japan">Security Center</contributor>
              </submitted>
              <status_change date="2013-04-15T12:33:18+09:00">draft</status_change>
              <status>draft</status>
            </dates>
          </oval_repository>
          <jvnmeta:oval-metadata>
            <jvnmeta:title>1.5.9.0(WOW64) (2010/10/15時点) ※Lhaplusでのバージョン表示は1.59です</jvnmeta:title>
            <jvnmeta:reference source="CPE" ref_id="cpe:/a:lhaplus:lhaplus:1.5::~-~-~-~wow64~:-" ref_url="https://jvndb.jvn.jp/apis/myjvn/vcchecklist.html#cpid1170"/></jvnmeta:oval-metadata>
        </metadata>
        <criteria operator="AND">
          <criterion comment="Lhaplus version greater than or equal 1.5.9.0 check" test_ref="oval:jp.jvn.jvndb.v1.oval:tst:1481"/>
        </criteria>
      </definition>
    </definitions>
    <tests>
      <file_test xmlns="http://oval.mitre.org/XMLSchema/oval-definitions-5#windows" id="oval:jp.jvn.jvndb.v1.oval:tst:1481" version="1" comment="Lhaplus version greater than or equal 1.5.9.0 check" check="all">
        <object object_ref="oval:jp.jvn.jvndb.v1.oval:obj:1481"/>
        <state state_ref="oval:jp.jvn.jvndb.v1.oval:ste:1481"/>
      </file_test>
    </tests>
    <objects>
      <file_object xmlns="http://oval.mitre.org/XMLSchema/oval-definitions-5#windows" id="oval:jp.jvn.jvndb.v1.oval:obj:1481" version="1">
        <path>C:\Program Files (x86)\Lhaplus</path>
        <filename>Lhaplus.exe</filename>
      </file_object>
    </objects>
    <states>
      <file_state xmlns="http://oval.mitre.org/XMLSchema/oval-definitions-5#windows" id="oval:jp.jvn.jvndb.v1.oval:ste:1481" version="1">
        <version datatype="version" operation="greater than or equal" var_ref="oval:jp.jvn.jvndb.v1.oval:var:1481">1.5.0.0</version>
      </file_state>
    </states>
    <variables>
      <external_variable id="oval:jp.jvn.jvndb.v1.oval:var:1481" version="1" comment="コメント" datatype="string"/>
    </variables>
  </oval_definitions>

