<?xml version='1.0' encoding='UTF-8' ?>   <oval_definitions xmlns="http://oval.mitre.org/XMLSchema/oval-definitions-5" xmlns:oval="http://oval.mitre.org/XMLSchema/oval-common-5" xmlns:oval-def="http://oval.mitre.org/XMLSchema/oval-definitions-5" xmlns:jvnmeta="http://jvndb.jvn.jp/myjvn/jvnmetadata" xmlns:jvndef="http://jvndb.jvn.jp/myjvn/jvndefinitions" xmlns:xsi="http://www.w3.org/2001/XMLSchema-instance" xsi:schemaLocation="http://oval.mitre.org/XMLSchema/oval-definitions-5#windows http://oval.mitre.org/language/download/schema/version5.8/ovaldefinition/minimal/windows-definitions-schema.xsd http://oval.mitre.org/XMLSchema/oval-definitions-5#linux http://oval.mitre.org/language/download/schema/version5.8/ovaldefinition/minimal/linux-definitions-schema.xsd http://oval.mitre.org/XMLSchema/oval-definitions-5#independent http://oval.mitre.org/language/download/schema/version5.8/ovaldefinition/minimal/independent-definitions-schema.xsd http://oval.mitre.org/XMLSchema/oval-definitions-5 https://jvndb.jvn.jp/schema/oval-definitions-schema_5.8.xsd http://oval.mitre.org/XMLSchema/oval-common-5 http://oval.mitre.org/language/download/schema/version5.8/ovaldefinition/minimal/oval-common-schema.xsd http://jvndb.jvn.jp/myjvn/jvnmetadata https://jvndb.jvn.jp/schema/jvnmetadata_0.3.xsd">
    <generator>
      <oval:product_name>MyJVN OVAL Repository</oval:product_name>
      <oval:schema_version>5.8</oval:schema_version>
      <oval:timestamp>2017-10-04T14:20:05+09:00</oval:timestamp>
    </generator>
    <definitions>
      <definition id="oval:jp.jvn.jvndb.v1.oval:def:126" version="1" class="inventory">
        <metadata>
          <title>OVALタイトル</title>
          <affected family="windows">
            <platform>cpe:/o:microsoft:windows-nt:2003:-:~-~-~-~-~:-</platform>
            <platform>cpe:/o:microsoft:windows:server_2008:-:~-~-~-~x32~:-</platform>
          </affected>
          <description>OVAL説明</description>
          <oval_repository>
            <dates>
              <submitted date="2017-10-04T14:20:05+09:00">
                <contributor organization="Information Promotion Agency, Japan">Security Center</contributor>
              </submitted>
              <status_change date="2017-10-04T14:20:05+09:00">draft</status_change>
              <status>draft</status>
            </dates>
          </oval_repository>
          <jvnmeta:oval-metadata>
            <jvnmeta:title>7.0.21 (2011/09/14時点) ※7.x の最新バージョンのみが最新と判定されます</jvnmeta:title>
            <jvnmeta:reference source="CPE" ref_id="cpe:/a:apache:tomcat:7::~-~-~-~x32~:-" ref_url="https://jvndb.jvn.jp/apis/myjvn/vcchecklist.html#wpid142"/></jvnmeta:oval-metadata>
        </metadata>
        <criteria operator="OR">
          <criterion comment="Tomcat6-1" test_ref="oval:jp.jvn.jvndb.v1.oval:tst:1261"/>
          <criterion comment="Tomcat5" test_ref="oval:jp.jvn.jvndb.v1.oval:tst:1262"/>
          <criterion comment="Tomcat7-1" test_ref="oval:jp.jvn.jvndb.v1.oval:tst:1263"/>
          <criterion comment="Tomcat7-2" test_ref="oval:jp.jvn.jvndb.v1.oval:tst:1264"/>
          <criterion comment="Tomcat6-2" test_ref="oval:jp.jvn.jvndb.v1.oval:tst:1265"/>
          <criterion comment="Tomcat8" test_ref="oval:jp.jvn.jvndb.v1.oval:tst:1266"/>
          <criterion comment="Tomcat85" test_ref="oval:jp.jvn.jvndb.v1.oval:tst:1267"/>
          <criterion comment="Tomcat9" test_ref="oval:jp.jvn.jvndb.v1.oval:tst:1268"/>
        </criteria>
      </definition>
    </definitions>
    <tests>
      <registry_test xmlns="http://oval.mitre.org/XMLSchema/oval-definitions-5#windows" id="oval:jp.jvn.jvndb.v1.oval:tst:1261" version="1" comment="Tomcat6-1" check="all">
        <object object_ref="oval:jp.jvn.jvndb.v1.oval:obj:1261"/>
        <state state_ref="oval:jp.jvn.jvndb.v1.oval:ste:1261"/>
      </registry_test>
      <registry_test xmlns="http://oval.mitre.org/XMLSchema/oval-definitions-5#windows" id="oval:jp.jvn.jvndb.v1.oval:tst:1262" version="1" comment="Tomcat5" check="all">
        <object object_ref="oval:jp.jvn.jvndb.v1.oval:obj:1262"/>
        <state state_ref="oval:jp.jvn.jvndb.v1.oval:ste:1262"/>
      </registry_test>
      <registry_test xmlns="http://oval.mitre.org/XMLSchema/oval-definitions-5#windows" id="oval:jp.jvn.jvndb.v1.oval:tst:1263" version="1" comment="Tomcat7-1" check="all">
        <object object_ref="oval:jp.jvn.jvndb.v1.oval:obj:1263"/>
        <state state_ref="oval:jp.jvn.jvndb.v1.oval:ste:1263"/>
      </registry_test>
      <registry_test xmlns="http://oval.mitre.org/XMLSchema/oval-definitions-5#windows" id="oval:jp.jvn.jvndb.v1.oval:tst:1264" version="1" comment="Tomcat7-2" check="all">
        <object object_ref="oval:jp.jvn.jvndb.v1.oval:obj:1264"/>
        <state state_ref="oval:jp.jvn.jvndb.v1.oval:ste:1264"/>
      </registry_test>
      <registry_test xmlns="http://oval.mitre.org/XMLSchema/oval-definitions-5#windows" id="oval:jp.jvn.jvndb.v1.oval:tst:1265" version="1" comment="Tomcat6-2" check="all">
        <object object_ref="oval:jp.jvn.jvndb.v1.oval:obj:1265"/>
        <state state_ref="oval:jp.jvn.jvndb.v1.oval:ste:1265"/>
      </registry_test>
      <registry_test xmlns="http://oval.mitre.org/XMLSchema/oval-definitions-5#windows" id="oval:jp.jvn.jvndb.v1.oval:tst:1266" version="1" comment="Tomcat8" check="all">
        <object object_ref="oval:jp.jvn.jvndb.v1.oval:obj:1266"/>
        <state state_ref="oval:jp.jvn.jvndb.v1.oval:ste:1266"/>
      </registry_test>
      <registry_test xmlns="http://oval.mitre.org/XMLSchema/oval-definitions-5#windows" id="oval:jp.jvn.jvndb.v1.oval:tst:1267" version="1" comment="Tomcat85" check="all">
        <object object_ref="oval:jp.jvn.jvndb.v1.oval:obj:1267"/>
        <state state_ref="oval:jp.jvn.jvndb.v1.oval:ste:1267"/>
      </registry_test>
      <registry_test xmlns="http://oval.mitre.org/XMLSchema/oval-definitions-5#windows" id="oval:jp.jvn.jvndb.v1.oval:tst:1268" version="1" comment="Tomcat9" check="all">
        <object object_ref="oval:jp.jvn.jvndb.v1.oval:obj:1268"/>
        <state state_ref="oval:jp.jvn.jvndb.v1.oval:ste:1268"/>
      </registry_test>
    </tests>
    <objects>
      <registry_object xmlns="http://oval.mitre.org/XMLSchema/oval-definitions-5#windows" id="oval:jp.jvn.jvndb.v1.oval:obj:1261" version="1">
        <hive>HKEY_LOCAL_MACHINE</hive>
        <key>SOFTWARE\Apache Software Foundation\Tomcat\6.0</key>
        <name>Version</name>
      </registry_object>
      <registry_object xmlns="http://oval.mitre.org/XMLSchema/oval-definitions-5#windows" id="oval:jp.jvn.jvndb.v1.oval:obj:1262" version="1">
        <hive>HKEY_LOCAL_MACHINE</hive>
        <key>SOFTWARE\Apache Software Foundation\Tomcat\5.5</key>
        <name>Version</name>
      </registry_object>
      <registry_object xmlns="http://oval.mitre.org/XMLSchema/oval-definitions-5#windows" id="oval:jp.jvn.jvndb.v1.oval:obj:1263" version="1">
        <hive>HKEY_LOCAL_MACHINE</hive>
        <key>SOFTWARE\Apache Software Foundation\Tomcat\7.0</key>
        <name>Version</name>
      </registry_object>
      <registry_object xmlns="http://oval.mitre.org/XMLSchema/oval-definitions-5#windows" id="oval:jp.jvn.jvndb.v1.oval:obj:1264" version="1">
        <hive>HKEY_LOCAL_MACHINE</hive>
        <key>SOFTWARE\Apache Software Foundation\Tomcat\7.0\Tomcat7</key>
        <name>Version</name>
      </registry_object>
      <registry_object xmlns="http://oval.mitre.org/XMLSchema/oval-definitions-5#windows" id="oval:jp.jvn.jvndb.v1.oval:obj:1265" version="1">
        <hive>HKEY_LOCAL_MACHINE</hive>
        <key>SOFTWARE\Apache Software Foundation\Tomcat\6.0\Tomcat6</key>
        <name>Version</name>
      </registry_object>
      <registry_object xmlns="http://oval.mitre.org/XMLSchema/oval-definitions-5#windows" id="oval:jp.jvn.jvndb.v1.oval:obj:1266" version="1">
        <hive>HKEY_LOCAL_MACHINE</hive>
        <key>SOFTWARE\Apache Software Foundation\Tomcat\8.0\Tomcat8</key>
        <name>Version</name>
      </registry_object>
      <registry_object xmlns="http://oval.mitre.org/XMLSchema/oval-definitions-5#windows" id="oval:jp.jvn.jvndb.v1.oval:obj:1267" version="1">
        <hive>HKEY_LOCAL_MACHINE</hive>
        <key>SOFTWARE\Apache Software Foundation\Tomcat\8.5\Tomcat8</key>
        <name>Version</name>
      </registry_object>
      <registry_object xmlns="http://oval.mitre.org/XMLSchema/oval-definitions-5#windows" id="oval:jp.jvn.jvndb.v1.oval:obj:1268" version="1">
        <hive>HKEY_LOCAL_MACHINE</hive>
        <key>SOFTWARE\Apache Software Foundation\Tomcat\9.0\Tomcat9</key>
        <name>Version</name>
      </registry_object>
    </objects>
    <states>
      <registry_state xmlns="http://oval.mitre.org/XMLSchema/oval-definitions-5#windows" id="oval:jp.jvn.jvndb.v1.oval:ste:1261" version="1">
        <value datatype="string" operation="pattern match" var_ref="oval:jp.jvn.jvndb.v1.oval:var:1261">6.0.*</value>
      </registry_state>
      <registry_state xmlns="http://oval.mitre.org/XMLSchema/oval-definitions-5#windows" id="oval:jp.jvn.jvndb.v1.oval:ste:1262" version="1">
        <value datatype="string" operation="pattern match" var_ref="oval:jp.jvn.jvndb.v1.oval:var:1262">5.5.*</value>
      </registry_state>
      <registry_state xmlns="http://oval.mitre.org/XMLSchema/oval-definitions-5#windows" id="oval:jp.jvn.jvndb.v1.oval:ste:1263" version="1">
        <value datatype="string" operation="pattern match" var_ref="oval:jp.jvn.jvndb.v1.oval:var:1263">*</value>
      </registry_state>
      <registry_state xmlns="http://oval.mitre.org/XMLSchema/oval-definitions-5#windows" id="oval:jp.jvn.jvndb.v1.oval:ste:1264" version="1">
        <value datatype="string" operation="pattern match" var_ref="oval:jp.jvn.jvndb.v1.oval:var:1264">*</value>
      </registry_state>
      <registry_state xmlns="http://oval.mitre.org/XMLSchema/oval-definitions-5#windows" id="oval:jp.jvn.jvndb.v1.oval:ste:1265" version="1">
        <value datatype="string" operation="pattern match" var_ref="oval:jp.jvn.jvndb.v1.oval:var:1265">6.0.*</value>
      </registry_state>
      <registry_state xmlns="http://oval.mitre.org/XMLSchema/oval-definitions-5#windows" id="oval:jp.jvn.jvndb.v1.oval:ste:1266" version="1">
        <value datatype="string" operation="pattern match" var_ref="oval:jp.jvn.jvndb.v1.oval:var:1266">*</value>
      </registry_state>
      <registry_state xmlns="http://oval.mitre.org/XMLSchema/oval-definitions-5#windows" id="oval:jp.jvn.jvndb.v1.oval:ste:1267" version="1">
        <value datatype="string" operation="pattern match" var_ref="oval:jp.jvn.jvndb.v1.oval:var:1267">*</value>
      </registry_state>
      <registry_state xmlns="http://oval.mitre.org/XMLSchema/oval-definitions-5#windows" id="oval:jp.jvn.jvndb.v1.oval:ste:1268" version="1">
        <value datatype="string" operation="pattern match" var_ref="oval:jp.jvn.jvndb.v1.oval:var:1268">*</value>
      </registry_state>
    </states>
    <variables>
      <external_variable id="oval:jp.jvn.jvndb.v1.oval:var:1261" version="1" comment="コメント" datatype="string"/>
      <external_variable id="oval:jp.jvn.jvndb.v1.oval:var:1262" version="1" comment="コメント" datatype="string"/>
      <external_variable id="oval:jp.jvn.jvndb.v1.oval:var:1263" version="1" comment="コメント" datatype="string"/>
      <external_variable id="oval:jp.jvn.jvndb.v1.oval:var:1264" version="1" comment="コメント" datatype="string"/>
      <external_variable id="oval:jp.jvn.jvndb.v1.oval:var:1265" version="1" comment="コメント" datatype="string"/>
      <external_variable id="oval:jp.jvn.jvndb.v1.oval:var:1266" version="1" comment="コメント" datatype="string"/>
      <external_variable id="oval:jp.jvn.jvndb.v1.oval:var:1267" version="1" comment="コメント" datatype="string"/>
      <external_variable id="oval:jp.jvn.jvndb.v1.oval:var:1268" version="1" comment="コメント" datatype="string"/>
    </variables>
  </oval_definitions>

