<?xml version="1.0" encoding="UTF-8" ?>
   <Benchmark id="rhel5-32-vc" xml:lang="jp" xmlns:xsi="http://www.w3.org/2001/XMLSchema-instance" xmlns="http://checklists.nist.gov/xccdf/1.1" xmlns:cdf="http://checklists.nist.gov/xccdf/1.1" xmlns:cpe="http://cpe.mitre.org/XMLSchema/cpe/1.0" xmlns:dc="http://purl.org/dc/elements/1.1/" xmlns:dsig="http://www.w3.org/2000/09/xmldsig#" xmlns:xhtml="http://www.w3.org/1999/xhtml" xmlns:jvndef="http://jvndb.jvn.jp/myjvn/jvndefinitions" xsi:schemaLocation="http://checklists.nist.gov/xccdf/1.1 https://jvndb.jvn.jp/schema/xccdf-1.1.4.xsd http://jvndb.jvn.jp/myjvn/jvndefinitions https://jvndb.jvn.jp/schema/jvndefinitions_0.2.xsd">
    <status date="2011-08-03">draft</status>
    <title>参考値</title>
    <description>Linux systems</description>
    <reference href="https://jvndb.jvn.jp/ja/apis/myjvn/">
      <dc:title>Linux チェックリスト</dc:title>
      <dc:creator>セキュリティ部</dc:creator>
      <dc:publisher>Information Promotion Agency, Japan</dc:publisher>
      <dc:identifier>https://jvndb.jvn.jp/ja/apis/myjvn/</dc:identifier>
    </reference>
    <version>1.0</version>
    <Profile id="rhel5-32-vc">
      <title>参考値</title>
      <description>Linux systems</description>
      <select idref="Apache_HTTP_Server-rhel5" selected="1"/>
      <select idref="Apache_Tomcat-rhel5" selected="1"/>
      <select idref="BIND-rhel5" selected="1"/>
      <select idref="JRE1.6-rhel5" selected="1"/>
      <select idref="OpenSSL-rhel5" selected="1"/>
      <refine-value idref="Apache_HTTP_Server-rhel5_var"/>
      <refine-value idref="Apache_Tomcat-rhel5_var"/>
      <refine-value idref="BIND-rhel5_var"/>
      <refine-value idref="JRE1.6-rhel5_var"/>
      <refine-value idref="OpenSSL-rhel5_var"/>
    </Profile>
    <Group id="versioncheck">
      <title>バージョンチェック</title>
      <description>バージョンチェック</description>
      <Value id="Apache_HTTP_Server-rhel5_var" type="string" operator="equals">
        <title>Apache HTTP Server-rhel5</title>
        <description>Apache HTTP Server-rhel5</description>
        <value/>
        <value selector="rhel5-32-vc">1</value>
      </Value>
      <Value id="Apache_Tomcat-rhel5_var" type="string" operator="equals">
        <title>Apache Tomcat-rhel5</title>
        <description>Apache Tomcat-rhel5</description>
        <value/>
        <value selector="rhel5-32-vc">1</value>
      </Value>
      <Value id="BIND-rhel5_var" type="string" operator="equals">
        <title>BIND-rhel5</title>
        <description>BIND-rhel5</description>
        <value/>
        <value selector="rhel5-32-vc">1</value>
      </Value>
      <Value id="JRE1.6-rhel5_var" type="string" operator="equals">
        <title>JRE1.6-rhel5</title>
        <description>JRE1.6-rhel5</description>
        <value/>
        <value selector="rhel5-32-vc">1</value>
      </Value>
      <Value id="OpenSSL-rhel5_var" type="string" operator="equals">
        <title>OpenSSL-rhel5</title>
        <description>OpenSSL-rhel5</description>
        <value/>
        <value selector="rhel5-32-vc">1</value>
      </Value>
      <Rule id="Apache_HTTP_Server-rhel5">
        <title>Apache HTTP Server-rhel5</title>
        <description>Apache HTTP Server-rhel5</description>
        <reference/>
        <check system="http://oval.mitre.org/XMLSchema/ovaldefinitions-5">
          <check-export value-id="Apache_HTTP_Server-rhel5_var" export-name="oval:jp.jvn.jvndb.v1.oval:var:2121"/>
          <check-content-ref href="https://jvndb.jvn.jp/myjvn?method=getOvalData&amp;ovalId=oval:jp.jvn.jvndb.v1.oval:def:212" name="oval:jp.jvn.jvndb.v1.oval:def:212"/>
        </check>
        <jvndef:display_units>
          <jvndef:title>Apache HTTP Server</jvndef:title>
          <jvndef:description/>
        </jvndef:display_units>
        <jvndef:display_policy type="0"/>
        <jvndef:display_detail type="0"/>
      </Rule>
      <Rule id="Apache_Tomcat-rhel5">
        <title>Apache Tomcat-rhel5</title>
        <description>Apache Tomcat-rhel5</description>
        <reference/>
        <check system="http://oval.mitre.org/XMLSchema/ovaldefinitions-5">
          <check-export value-id="Apache_Tomcat-rhel5_var" export-name="oval:jp.jvn.jvndb.v1.oval:var:2081"/>
          <check-content-ref href="https://jvndb.jvn.jp/myjvn?method=getOvalData&amp;ovalId=oval:jp.jvn.jvndb.v1.oval:def:208" name="oval:jp.jvn.jvndb.v1.oval:def:208"/>
        </check>
        <jvndef:display_units>
          <jvndef:title>Apache Tomcat</jvndef:title>
          <jvndef:description/>
        </jvndef:display_units>
        <jvndef:display_policy type="0"/>
        <jvndef:display_detail type="0"/>
      </Rule>
      <Rule id="BIND-rhel5">
        <title>BIND-rhel5</title>
        <description>BIND-rhel5</description>
        <reference/>
        <check system="http://oval.mitre.org/XMLSchema/ovaldefinitions-5">
          <check-export value-id="BIND-rhel5_var" export-name="oval:jp.jvn.jvndb.v1.oval:var:2101"/>
          <check-content-ref href="https://jvndb.jvn.jp/myjvn?method=getOvalData&amp;ovalId=oval:jp.jvn.jvndb.v1.oval:def:210" name="oval:jp.jvn.jvndb.v1.oval:def:210"/>
        </check>
        <jvndef:display_units>
          <jvndef:title>BIND</jvndef:title>
          <jvndef:description/>
        </jvndef:display_units>
        <jvndef:display_policy type="0"/>
        <jvndef:display_detail type="0"/>
      </Rule>
      <Rule id="JRE1.6-rhel5">
        <title>JRE1.6-rhel5</title>
        <description>JRE1.6-rhel5</description>
        <reference/>
        <check system="http://oval.mitre.org/XMLSchema/ovaldefinitions-5">
          <check-export value-id="JRE1.6-rhel5_var" export-name="oval:jp.jvn.jvndb.v1.oval:var:2041"/>
          <check-content-ref href="https://jvndb.jvn.jp/myjvn?method=getOvalData&amp;ovalId=oval:jp.jvn.jvndb.v1.oval:def:204" name="oval:jp.jvn.jvndb.v1.oval:def:204"/>
        </check>
        <jvndef:display_units>
          <jvndef:title>JRE</jvndef:title>
          <jvndef:description/>
        </jvndef:display_units>
        <jvndef:display_policy type="1"/>
        <jvndef:display_detail type="0"/>
      </Rule>
      <Rule id="OpenSSL-rhel5">
        <title>OpenSSL-rhel5</title>
        <description>OpenSSL-rhel5</description>
        <reference/>
        <check system="http://oval.mitre.org/XMLSchema/ovaldefinitions-5">
          <check-export value-id="OpenSSL-rhel5_var" export-name="oval:jp.jvn.jvndb.v1.oval:var:2141"/>
          <check-content-ref href="https://jvndb.jvn.jp/myjvn?method=getOvalData&amp;ovalId=oval:jp.jvn.jvndb.v1.oval:def:214" name="oval:jp.jvn.jvndb.v1.oval:def:214"/>
        </check>
        <jvndef:display_units>
          <jvndef:title>OpenSSL</jvndef:title>
          <jvndef:description/>
        </jvndef:display_units>
        <jvndef:display_policy type="0"/>
        <jvndef:display_detail type="0"/>
      </Rule>
    </Group>
  </Benchmark>
