<?xml version="1.0" encoding="UTF-8" ?>
   <Benchmark id="rhel5-32-custom" xml:lang="jp" xmlns:xsi="http://www.w3.org/2001/XMLSchema-instance" xmlns="http://checklists.nist.gov/xccdf/1.1" xmlns:cdf="http://checklists.nist.gov/xccdf/1.1" xmlns:cpe="http://cpe.mitre.org/XMLSchema/cpe/1.0" xmlns:dc="http://purl.org/dc/elements/1.1/" xmlns:dsig="http://www.w3.org/2000/09/xmldsig#" xmlns:xhtml="http://www.w3.org/1999/xhtml" xmlns:jvndef="http://jvndb.jvn.jp/myjvn/jvndefinitions" xsi:schemaLocation="http://checklists.nist.gov/xccdf/1.1 https://jvndb.jvn.jp/schema/xccdf-1.1.4.xsd http://jvndb.jvn.jp/myjvn/jvndefinitions https://jvndb.jvn.jp/schema/jvndefinitions_0.2.xsd">
    <status date="2011-08-03">draft</status>
    <title>参考値</title>
    <description>Linux systems</description>
    <reference href="https://jvndb.jvn.jp/ja/apis/myjvn/">
      <dc:title>Linux チェックリスト</dc:title>
      <dc:creator>セキュリティ部</dc:creator>
      <dc:publisher>Information Promotion Agency, Japan</dc:publisher>
      <dc:identifier>https://jvndb.jvn.jp/ja/apis/myjvn/</dc:identifier>
    </reference>
    <version>1.0</version>
    <Profile id="rhel5-32-custom">
      <title>参考値</title>
      <description>Linux systems</description>
      <select idref="RuleID33" selected="1"/>
      <select idref="RuleID34" selected="1"/>
      <select idref="RuleID35" selected="1"/>
      <select idref="RuleID102" selected="1"/>
      <select idref="RuleID103" selected="1"/>
      <select idref="RuleID104" selected="1"/>
      <select idref="RuleID36" selected="1"/>
      <select idref="RuleID105" selected="1"/>
      <select idref="Apache_HTTP_Server-rhel5" selected="1"/>
      <select idref="Apache_Tomcat-rhel5" selected="1"/>
      <select idref="BIND-rhel5" selected="1"/>
      <select idref="JRE1.6-rhel5" selected="1"/>
      <select idref="OpenSSL-rhel5" selected="1"/>
      <refine-value idref="RuleID33_var"/>
      <refine-value idref="RuleID34_var"/>
      <refine-value idref="RuleID35_var"/>
      <refine-value idref="RuleID102_var"/>
      <refine-value idref="RuleID103_var"/>
      <refine-value idref="RuleID104_var"/>
      <refine-value idref="RuleID36_var"/>
      <refine-value idref="RuleID105_var"/>
      <refine-value idref="Apache_HTTP_Server-rhel5_var"/>
      <refine-value idref="Apache_Tomcat-rhel5_var"/>
      <refine-value idref="BIND-rhel5_var"/>
      <refine-value idref="JRE1.6-rhel5_var"/>
      <refine-value idref="OpenSSL-rhel5_var"/>
    </Profile>
    <Group id="GroupID1">
      <title>パスワードポリシー</title>
      <description>パスワードポリシー</description>
      <Value id="RuleID33_var" type="number" operator="greater than or equal">
        <title>パスワードの長さ (Linux 一般レベル)</title>
        <description>推奨しているパスワードの最低文字数設定は8文字以上です。&lt;br&gt;以下のURLを参照しパスワードの最低文字数設定を変更してください。&lt;br&gt;&lt;a href='https://jvndb.jvn.jp/apis/myjvn/cccheck/cce_password.html#faq2008'&gt;設定変更方法はこちら&lt;/a&gt;</description>
        <value/>
        <value selector="rhel5-32-custom">8</value>
        <jvndef:display_units>
          <jvndef:unit_name unit="文字以上"/>
          <jvndef:description/>
        </jvndef:display_units>
      </Value>
      <Value id="RuleID34_var" type="number" operator="less than or equal">
        <title>パスワードの有効期間 (Linux 一般レベル)</title>
        <description>チェック結果は「参考値を満たしていません」となっています。&lt;br&gt;PC設定値を変更したい場合には、&lt;a href='https://jvndb.jvn.jp/apis/myjvn/cccheck/cce_password.html#faq2008'&gt;「セキュリティ項目の設定方法」&lt;/a&gt;を参照ください。</description>
        <value/>
        <value selector="rhel5-32-custom">60</value>
        <jvndef:display_units>
          <jvndef:unit_name unit="日以下"/>
          <jvndef:description/>
        </jvndef:display_units>
      </Value>
      <Value id="RuleID35_var" type="number" operator="greater than or equal">
        <title>パスワードの変更禁止期間(Linux 一般レベル)</title>
        <description>チェック結果は「参考値を満たしていません」となっています。&lt;br&gt;PC設定値を変更したい場合には、&lt;a href='https://jvndb.jvn.jp/apis/myjvn/cccheck/cce_password.html#faq2008'&gt;「セキュリティ項目の設定方法」&lt;/a&gt;を参照ください。</description>
        <value/>
        <value selector="rhel5-32-custom">7</value>
        <jvndef:display_units>
          <jvndef:unit_name unit="日以上"/>
          <jvndef:description/>
        </jvndef:display_units>
      </Value>
      <Value id="RuleID102_var" type="number" operator="greater than or equal">
        <title>パスワードの長さ(Linux 高レベル)</title>
        <description>推奨しているパスワードの最低文字数設定は9文字以上です。&lt;br&gt;以下のURLを参照しパスワードの最低文字数設定を変更してください。&lt;br&gt;&lt;a href='https://jvndb.jvn.jp/apis/myjvn/cccheck/cce_password.html#faq2008'&gt;設定変更方法はこちら&lt;/a&gt;</description>
        <value/>
        <value selector="rhel5-32-custom">9</value>
        <jvndef:display_units>
          <jvndef:unit_name unit="文字以上"/>
          <jvndef:description/>
        </jvndef:display_units>
      </Value>
      <Value id="RuleID103_var" type="number" operator="less than or equal">
        <title>パスワードの有効期間(Linux 高レベル)</title>
        <description>チェック結果は「参考値を満たしていません」となっています。&lt;br&gt;PC設定値を変更したい場合には、&lt;a href='https://jvndb.jvn.jp/apis/myjvn/cccheck/cce_password.html#faq2008'&gt;「セキュリティ項目の設定方法」&lt;/a&gt;を参照ください。</description>
        <value/>
        <value selector="rhel5-32-custom">90</value>
        <jvndef:display_units>
          <jvndef:unit_name unit="日以下"/>
          <jvndef:description/>
        </jvndef:display_units>
      </Value>
      <Value id="RuleID104_var" type="number" operator="greater than or equal">
        <title>パスワードの変更禁止期間(Linux 高レベル)</title>
        <description>チェック結果は「参考値を満たしていません」となっています。&lt;br&gt;PC設定値を変更したい場合には、&lt;a href='https://jvndb.jvn.jp/apis/myjvn/cccheck/cce_password.html#faq2008'&gt;「セキュリティ項目の設定方法」&lt;/a&gt;を参照ください。</description>
        <value/>
        <value selector="rhel5-32-custom">7</value>
        <jvndef:display_units>
          <jvndef:unit_name unit="日以上"/>
          <jvndef:description/>
        </jvndef:display_units>
      </Value>
      <Rule id="RuleID33">
        <title>パスワードの長さ(Linux 一般レベル)</title>
        <description>このセキュリティ設定は、ログインの際に使用するパスワードの長さについて、指定された文字数以上のパスワードの長さ&lt;br&gt;のみを受入れるようポリシー設定されているかを確認しています（&lt;a href='https://jvndb.jvn.jp/apis/myjvn/cccheck/cce_password.html#myjvnapp03'&gt;「チェック方法の解説」&lt;/a&gt;参照）。</description>
        <reference>A.CCE-4154-1</reference>
        <check system="http://oval.mitre.org/XMLSchema/ovaldefinitions-5">
          <check-export value-id="RuleID33_var" export-name="oval:jp.jvn.jvndb.v1.oval:var:1361"/>
          <check-content-ref href="https://jvndb.jvn.jp/myjvn?method=getOvalData&amp;ovalId=oval:jp.jvn.jvndb.v1.oval:def:136" name="oval:jp.jvn.jvndb.v1.oval:def:136"/>
        </check>
        <jvndef:display_units>
          <jvndef:title>パスワードの長さ</jvndef:title>
          <jvndef:description/>
        </jvndef:display_units>
      </Rule>
      <Rule id="RuleID34">
        <title>パスワードの有効期間(Linux 一般レベル)</title>
        <description>このセキュリティ設定は、ログインの際に使用するパスワードの有効期間について、指定された日数を上回る有効期間を&lt;br&gt;受入れないようポリシー設定されているかを確認しています（&lt;a href='https://jvndb.jvn.jp/apis/myjvn/cccheck/cce_password.html#myjvnapp03'&gt;「チェック方法の解説」&lt;/a&gt;参照）。</description>
        <reference>A.CCE-4092-3</reference>
        <check system="http://oval.mitre.org/XMLSchema/ovaldefinitions-5">
          <check-export value-id="RuleID34_var" export-name="oval:jp.jvn.jvndb.v1.oval:var:1371"/>
          <check-content-ref href="https://jvndb.jvn.jp/myjvn?method=getOvalData&amp;ovalId=oval:jp.jvn.jvndb.v1.oval:def:137" name="oval:jp.jvn.jvndb.v1.oval:def:137"/>
        </check>
        <jvndef:display_units>
          <jvndef:title>パスワードの有効期間</jvndef:title>
          <jvndef:description/>
        </jvndef:display_units>
      </Rule>
      <Rule id="RuleID35">
        <title>パスワードの変更禁止期間(Linux 一般レベル)</title>
        <description>このセキュリティ設定は、ログインの際に使用するパスワードの変更禁止期間について、指定された日数を下回る期間を&lt;br&gt;受入れないようポリシー設定されているかを確認しています（&lt;a href='https://jvndb.jvn.jp/apis/myjvn/cccheck/cce_password.html#myjvnapp03'&gt;「チェック方法の解説」&lt;/a&gt;参照）。</description>
        <reference>A.CCE-4180-6</reference>
        <check system="http://oval.mitre.org/XMLSchema/ovaldefinitions-5">
          <check-export value-id="RuleID35_var" export-name="oval:jp.jvn.jvndb.v1.oval:var:1381"/>
          <check-content-ref href="https://jvndb.jvn.jp/myjvn?method=getOvalData&amp;ovalId=oval:jp.jvn.jvndb.v1.oval:def:138" name="oval:jp.jvn.jvndb.v1.oval:def:138"/>
        </check>
        <jvndef:display_units>
          <jvndef:title>パスワードの変更禁止期間</jvndef:title>
          <jvndef:description/>
        </jvndef:display_units>
      </Rule>
      <Rule id="RuleID102">
        <title>パスワードの長さ(Linux 高レベル)</title>
        <description>このセキュリティ設定は、ログインの際に使用するパスワードの長さについて、指定された文字数以上のパスワードの長さ&lt;br&gt;のみを受入れるようポリシー設定されているかを確認しています（&lt;a href='https://jvndb.jvn.jp/apis/myjvn/cccheck/cce_password.html#myjvnapp03'&gt;「チェック方法の解説」&lt;/a&gt;参照）。</description>
        <reference>B.CCE-4154-1</reference>
        <check system="http://oval.mitre.org/XMLSchema/ovaldefinitions-5">
          <check-export value-id="RuleID102_var" export-name="oval:jp.jvn.jvndb.v1.oval:var:1361"/>
          <check-content-ref href="https://jvndb.jvn.jp/myjvn?method=getOvalData&amp;ovalId=oval:jp.jvn.jvndb.v1.oval:def:136" name="oval:jp.jvn.jvndb.v1.oval:def:136"/>
        </check>
        <jvndef:display_units>
          <jvndef:title>パスワードの長さ</jvndef:title>
          <jvndef:description/>
        </jvndef:display_units>
      </Rule>
      <Rule id="RuleID103">
        <title>パスワードの有効期間(Linux 高レベル)</title>
        <description>このセキュリティ設定は、ログインの際に使用するパスワードの有効期間について、指定された日数を上回る有効期間を&lt;br&gt;受入れないようポリシー設定されているかを確認しています（&lt;a href='https://jvndb.jvn.jp/apis/myjvn/cccheck/cce_password.html#myjvnapp03'&gt;「チェック方法の解説」&lt;/a&gt;参照）。</description>
        <reference>B.CCE-4092-3</reference>
        <check system="http://oval.mitre.org/XMLSchema/ovaldefinitions-5">
          <check-export value-id="RuleID103_var" export-name="oval:jp.jvn.jvndb.v1.oval:var:1371"/>
          <check-content-ref href="https://jvndb.jvn.jp/myjvn?method=getOvalData&amp;ovalId=oval:jp.jvn.jvndb.v1.oval:def:137" name="oval:jp.jvn.jvndb.v1.oval:def:137"/>
        </check>
        <jvndef:display_units>
          <jvndef:title>パスワードの有効期間</jvndef:title>
          <jvndef:description/>
        </jvndef:display_units>
      </Rule>
      <Rule id="RuleID104">
        <title>パスワードの変更禁止期間(Linux 高レベル)</title>
        <description>このセキュリティ設定は、ログインの際に使用するパスワードの変更禁止期間について、指定された日数を下回る期間を&lt;br&gt;受入れないようポリシー設定されているかを確認しています（&lt;a href='https://jvndb.jvn.jp/apis/myjvn/cccheck/cce_password.html#myjvnapp03'&gt;「チェック方法の解説」&lt;/a&gt;参照）。</description>
        <reference>B.CCE-4180-6</reference>
        <check system="http://oval.mitre.org/XMLSchema/ovaldefinitions-5">
          <check-export value-id="RuleID104_var" export-name="oval:jp.jvn.jvndb.v1.oval:var:1381"/>
          <check-content-ref href="https://jvndb.jvn.jp/myjvn?method=getOvalData&amp;ovalId=oval:jp.jvn.jvndb.v1.oval:def:138" name="oval:jp.jvn.jvndb.v1.oval:def:138"/>
        </check>
        <jvndef:display_units>
          <jvndef:title>パスワードの変更禁止期間</jvndef:title>
          <jvndef:description/>
        </jvndef:display_units>
      </Rule>
    </Group>
    <Group id="GroupID2">
      <title>アカウントロックアウトポリシー</title>
      <description>アカウントロックアウトポリシー</description>
      <Value id="RuleID36_var" type="number" operator="less than or equal">
        <title>アカウントのロックアウトのしきい値(Linux 一般レベル)</title>
        <description>チェック結果は「参考値を満たしていません」となっています。&lt;br&gt;PC設定値を変更したい場合には、&lt;a href='https://jvndb.jvn.jp/apis/myjvn/cccheck/cce_password.html#faq2008'&gt;「セキュリティ項目の設定方法」&lt;/a&gt;を参照ください。</description>
        <value/>
        <value selector="rhel5-32-custom">5</value>
        <jvndef:display_units>
          <jvndef:unit_name unit="回以内"/>
          <jvndef:description/>
        </jvndef:display_units>
      </Value>
      <Value id="RuleID105_var" type="number" operator="less than or equal">
        <title>アカウントのロックアウトのしきい値(Linux 高レベル)</title>
        <description>チェック結果は「参考値を満たしていません」となっています。&lt;br&gt;PC設定値を変更したい場合には、&lt;a href='https://jvndb.jvn.jp/apis/myjvn/cccheck/cce_password.html#faq2008'&gt;「セキュリティ項目の設定方法」&lt;/a&gt;を参照ください。</description>
        <value/>
        <value selector="rhel5-32-custom">3</value>
        <jvndef:display_units>
          <jvndef:unit_name unit="回以内"/>
          <jvndef:description/>
        </jvndef:display_units>
      </Value>
      <Rule id="RuleID36">
        <title>アカウントのロックアウトのしきい値(Linux 一般レベル)</title>
        <description>このセキュリティ設定は、ログインの際にログオンできなくなるまでのパスワード入力失敗回数について、アカウントの&lt;br&gt;ロックアウトのしきい値として、指定された回数以内となるようポリシー設定されているかを確認しています（&lt;a href='https://jvndb.jvn.jp/apis/myjvn/cccheck/cce_password.html#myjvnapp03'&gt;「チェック方法の解説」&lt;/a&gt;参照）。</description>
        <reference>A.CCE-3410-8</reference>
        <check system="http://oval.mitre.org/XMLSchema/ovaldefinitions-5">
          <check-export value-id="RuleID36_var" export-name="oval:jp.jvn.jvndb.v1.oval:var:1391"/>
          <check-content-ref href="https://jvndb.jvn.jp/myjvn?method=getOvalData&amp;ovalId=oval:jp.jvn.jvndb.v1.oval:def:139" name="oval:jp.jvn.jvndb.v1.oval:def:139"/>
        </check>
        <jvndef:display_units>
          <jvndef:title>アカウントのロックアウトのしきい値</jvndef:title>
          <jvndef:description/>
        </jvndef:display_units>
      </Rule>
      <Rule id="RuleID105">
        <title>アカウントのロックアウトのしきい値(Linux 高レベル)</title>
        <description>このセキュリティ設定は、ログインの際にログオンできなくなるまでのパスワード入力失敗回数について、アカウントの&lt;br&gt;ロックアウトのしきい値として、指定された回数以内となるようポリシー設定されているかを確認しています（&lt;a href='https://jvndb.jvn.jp/apis/myjvn/cccheck/cce_password.html#myjvnapp03'&gt;「チェック方法の解説」&lt;/a&gt;参照）。</description>
        <reference>B.CCE-3410-8</reference>
        <check system="http://oval.mitre.org/XMLSchema/ovaldefinitions-5">
          <check-export value-id="RuleID105_var" export-name="oval:jp.jvn.jvndb.v1.oval:var:1391"/>
          <check-content-ref href="https://jvndb.jvn.jp/myjvn?method=getOvalData&amp;ovalId=oval:jp.jvn.jvndb.v1.oval:def:139" name="oval:jp.jvn.jvndb.v1.oval:def:139"/>
        </check>
        <jvndef:display_units>
          <jvndef:title>アカウントのロックアウトのしきい値</jvndef:title>
          <jvndef:description/>
        </jvndef:display_units>
      </Rule>
    </Group>
    <Group id="versioncheck">
      <title>バージョンチェック</title>
      <description>バージョンチェック</description>
      <Value id="Apache_HTTP_Server-rhel5_var" type="string" operator="equals">
        <title>Apache HTTP Server-rhel5</title>
        <description>Apache HTTP Server-rhel5</description>
        <value/>
        <value selector="rhel5-32-custom">1</value>
      </Value>
      <Value id="Apache_Tomcat-rhel5_var" type="string" operator="equals">
        <title>Apache Tomcat-rhel5</title>
        <description>Apache Tomcat-rhel5</description>
        <value/>
        <value selector="rhel5-32-custom">1</value>
      </Value>
      <Value id="BIND-rhel5_var" type="string" operator="equals">
        <title>BIND-rhel5</title>
        <description>BIND-rhel5</description>
        <value/>
        <value selector="rhel5-32-custom">1</value>
      </Value>
      <Value id="JRE1.6-rhel5_var" type="string" operator="equals">
        <title>JRE1.6-rhel5</title>
        <description>JRE1.6-rhel5</description>
        <value/>
        <value selector="rhel5-32-custom">1</value>
      </Value>
      <Value id="OpenSSL-rhel5_var" type="string" operator="equals">
        <title>OpenSSL-rhel5</title>
        <description>OpenSSL-rhel5</description>
        <value/>
        <value selector="rhel5-32-custom">1</value>
      </Value>
      <Rule id="Apache_HTTP_Server-rhel5">
        <title>Apache HTTP Server-rhel5</title>
        <description>Apache HTTP Server-rhel5</description>
        <reference/>
        <check system="http://oval.mitre.org/XMLSchema/ovaldefinitions-5">
          <check-export value-id="Apache_HTTP_Server-rhel5_var" export-name="oval:jp.jvn.jvndb.v1.oval:var:2121"/>
          <check-content-ref href="https://jvndb.jvn.jp/myjvn?method=getOvalData&amp;ovalId=oval:jp.jvn.jvndb.v1.oval:def:212" name="oval:jp.jvn.jvndb.v1.oval:def:212"/>
        </check>
        <jvndef:display_units>
          <jvndef:title>Apache HTTP Server</jvndef:title>
          <jvndef:description/>
        </jvndef:display_units>
        <jvndef:display_policy type="0"/>
        <jvndef:display_detail type="0"/>
      </Rule>
      <Rule id="Apache_Tomcat-rhel5">
        <title>Apache Tomcat-rhel5</title>
        <description>Apache Tomcat-rhel5</description>
        <reference/>
        <check system="http://oval.mitre.org/XMLSchema/ovaldefinitions-5">
          <check-export value-id="Apache_Tomcat-rhel5_var" export-name="oval:jp.jvn.jvndb.v1.oval:var:2081"/>
          <check-content-ref href="https://jvndb.jvn.jp/myjvn?method=getOvalData&amp;ovalId=oval:jp.jvn.jvndb.v1.oval:def:208" name="oval:jp.jvn.jvndb.v1.oval:def:208"/>
        </check>
        <jvndef:display_units>
          <jvndef:title>Apache Tomcat</jvndef:title>
          <jvndef:description/>
        </jvndef:display_units>
        <jvndef:display_policy type="0"/>
        <jvndef:display_detail type="0"/>
      </Rule>
      <Rule id="BIND-rhel5">
        <title>BIND-rhel5</title>
        <description>BIND-rhel5</description>
        <reference/>
        <check system="http://oval.mitre.org/XMLSchema/ovaldefinitions-5">
          <check-export value-id="BIND-rhel5_var" export-name="oval:jp.jvn.jvndb.v1.oval:var:2101"/>
          <check-content-ref href="https://jvndb.jvn.jp/myjvn?method=getOvalData&amp;ovalId=oval:jp.jvn.jvndb.v1.oval:def:210" name="oval:jp.jvn.jvndb.v1.oval:def:210"/>
        </check>
        <jvndef:display_units>
          <jvndef:title>BIND</jvndef:title>
          <jvndef:description/>
        </jvndef:display_units>
        <jvndef:display_policy type="0"/>
        <jvndef:display_detail type="0"/>
      </Rule>
      <Rule id="JRE1.6-rhel5">
        <title>JRE1.6-rhel5</title>
        <description>JRE1.6-rhel5</description>
        <reference/>
        <check system="http://oval.mitre.org/XMLSchema/ovaldefinitions-5">
          <check-export value-id="JRE1.6-rhel5_var" export-name="oval:jp.jvn.jvndb.v1.oval:var:2041"/>
          <check-content-ref href="https://jvndb.jvn.jp/myjvn?method=getOvalData&amp;ovalId=oval:jp.jvn.jvndb.v1.oval:def:204" name="oval:jp.jvn.jvndb.v1.oval:def:204"/>
        </check>
        <jvndef:display_units>
          <jvndef:title>JRE</jvndef:title>
          <jvndef:description/>
        </jvndef:display_units>
        <jvndef:display_policy type="1"/>
        <jvndef:display_detail type="0"/>
      </Rule>
      <Rule id="OpenSSL-rhel5">
        <title>OpenSSL-rhel5</title>
        <description>OpenSSL-rhel5</description>
        <reference/>
        <check system="http://oval.mitre.org/XMLSchema/ovaldefinitions-5">
          <check-export value-id="OpenSSL-rhel5_var" export-name="oval:jp.jvn.jvndb.v1.oval:var:2141"/>
          <check-content-ref href="https://jvndb.jvn.jp/myjvn?method=getOvalData&amp;ovalId=oval:jp.jvn.jvndb.v1.oval:def:214" name="oval:jp.jvn.jvndb.v1.oval:def:214"/>
        </check>
        <jvndef:display_units>
          <jvndef:title>OpenSSL</jvndef:title>
          <jvndef:description/>
        </jvndef:display_units>
        <jvndef:display_policy type="0"/>
        <jvndef:display_detail type="0"/>
      </Rule>
    </Group>
  </Benchmark>
