<?xml version="1.0" encoding="UTF-8" ?>
   <Benchmark id="win10-64-vc" xml:lang="jp" xmlns:xsi="http://www.w3.org/2001/XMLSchema-instance" xmlns="http://checklists.nist.gov/xccdf/1.1" xmlns:cdf="http://checklists.nist.gov/xccdf/1.1" xmlns:cpe="http://cpe.mitre.org/XMLSchema/cpe/1.0" xmlns:dc="http://purl.org/dc/elements/1.1/" xmlns:dsig="http://www.w3.org/2000/09/xmldsig#" xmlns:xhtml="http://www.w3.org/1999/xhtml" xmlns:jvndef="http://jvndb.jvn.jp/myjvn/jvndefinitions" xsi:schemaLocation="http://checklists.nist.gov/xccdf/1.1 https://jvndb.jvn.jp/schema/xccdf-1.1.4.xsd http://jvndb.jvn.jp/myjvn/jvndefinitions https://jvndb.jvn.jp/schema/jvndefinitions_0.2.xsd">
    <status date="2017-10-02">draft</status>
    <title>参考値</title>
    <description>Windows systems</description>
    <reference href="https://jvndb.jvn.jp/ja/apis/myjvn/">
      <dc:title>Windows チェックリスト</dc:title>
      <dc:creator>セキュリティ部</dc:creator>
      <dc:publisher>Information Promotion Agency, Japan</dc:publisher>
      <dc:identifier>https://jvndb.jvn.jp/ja/apis/myjvn/</dc:identifier>
    </reference>
    <version>1.0</version>
    <Profile id="win10-64-vc">
      <title>参考値</title>
      <description>Windows systems</description>
      <select idref="Adobe_Flash_Player__Plug-in_-win-64" selected="1"/>
      <select idref="Adobe_Reader-win-64" selected="1"/>
      <select idref="Adobe_Shockwave_Player_Wow64" selected="1"/>
      <select idref="Becky__Internet_Mailr-win-wow64" selected="1"/>
      <select idref="GoogleChrome-win-64" selected="1"/>
      <select idref="iTunes-win-64" selected="1"/>
      <select idref="JRE1.9-win-64" selected="1"/>
      <select idref="Lhaplus-win-64" selected="1"/>
      <select idref="LibreOffice-win-64" selected="1"/>
      <select idref="Lunascape-win-64" selected="1"/>
      <select idref="Mozilla_Firefox-win-Wow64" selected="1"/>
      <select idref="Mozilla_Thunderbird-win-64" selected="1"/>
      <select idref="OpenOffice.org-win-wow64" selected="1"/>
      <select idref="QuickTime-win-64" selected="1"/>
      <select idref="VMware_Player-win-wow64" selected="1"/>
      <refine-value idref="Adobe_Flash_Player__Plug-in_-win-64_var"/>
      <refine-value idref="Adobe_Reader-win-64_var"/>
      <refine-value idref="Adobe_Shockwave_Player_Wow64_var"/>
      <refine-value idref="Becky__Internet_Mailr-win-wow64_var"/>
      <refine-value idref="GoogleChrome-win-64_var"/>
      <refine-value idref="iTunes-win-64_var"/>
      <refine-value idref="JRE1.9-win-64_var"/>
      <refine-value idref="Lhaplus-win-64_var"/>
      <refine-value idref="LibreOffice-win-64_var"/>
      <refine-value idref="Lunascape-win-64_var"/>
      <refine-value idref="Mozilla_Firefox-win-Wow64_var"/>
      <refine-value idref="Mozilla_Thunderbird-win-64_var"/>
      <refine-value idref="OpenOffice.org-win-wow64_var"/>
      <refine-value idref="QuickTime-win-64_var"/>
      <refine-value idref="VMware_Player-win-wow64_var"/>
    </Profile>
    <Group id="versioncheck">
      <title>バージョンチェック</title>
      <description>バージョンチェック</description>
      <Value id="Adobe_Flash_Player__Plug-in_-win-64_var" type="string" operator="equals">
        <title>Adobe Flash Player (Plug-in)-win-64</title>
        <description>Adobe Flash Player (Plug-in)-win-64</description>
        <value/>
        <value selector="win10-64-vc">Adobe Flash Player (Plug-in)-win-64</value>
      </Value>
      <Value id="Adobe_Reader-win-64_var" type="string" operator="equals">
        <title>Adobe Reader-win-64</title>
        <description>Adobe Reader-win-64</description>
        <value/>
        <value selector="win10-64-vc">Adobe Reader-win-64</value>
      </Value>
      <Value id="Adobe_Shockwave_Player_Wow64_var" type="string" operator="equals">
        <title>Adobe Shockwave Player_Wow64</title>
        <description>Adobe Shockwave Player_Wow64</description>
        <value/>
        <value selector="win10-64-vc">Adobe Shockwave Player_Wow64</value>
      </Value>
      <Value id="Becky__Internet_Mailr-win-wow64_var" type="string" operator="equals">
        <title>Becky! Internet Mailr-win-wow64</title>
        <description>Becky! Internet Mailr-win-wow64</description>
        <value/>
        <value selector="win10-64-vc">Becky! Internet Mailr-win-wow64</value>
      </Value>
      <Value id="GoogleChrome-win-64_var" type="string" operator="equals">
        <title>GoogleChrome-win</title>
        <description>GoogleChrome-win</description>
        <value/>
        <value selector="win10-64-vc">GoogleChrome-win</value>
      </Value>
      <Value id="iTunes-win-64_var" type="string" operator="equals">
        <title>iTunes-win-64</title>
        <description>iTunes-win-64</description>
        <value/>
        <value selector="win10-64-vc">iTunes-win-64</value>
      </Value>
      <Value id="JRE1.9-win-64_var" type="string" operator="equals">
        <title>JRE1.9-win-64</title>
        <description>JRE1.9-win-64</description>
        <value/>
        <value selector="win10-64-vc">JRE1.9-win-64</value>
      </Value>
      <Value id="Lhaplus-win-64_var" type="string" operator="equals">
        <title>Lhaplus-win-64</title>
        <description>Lhaplus-win-64</description>
        <value/>
        <value selector="win10-64-vc">Lhaplus-win-64</value>
      </Value>
      <Value id="LibreOffice-win-64_var" type="string" operator="equals">
        <title>LibreOffice-win</title>
        <description>LibreOffice-win</description>
        <value/>
        <value selector="win10-64-vc">LibreOffice-win</value>
      </Value>
      <Value id="Lunascape-win-64_var" type="string" operator="equals">
        <title>Lunascape-win-64</title>
        <description>Lunascape-win-64</description>
        <value/>
        <value selector="win10-64-vc">Lunascape-win-64</value>
      </Value>
      <Value id="Mozilla_Firefox-win-Wow64_var" type="string" operator="equals">
        <title>Mozilla Firefox-win-Wow64</title>
        <description>Mozilla Firefox-win-Wow64</description>
        <value/>
        <value selector="win10-64-vc">Mozilla Firefox-win-Wow64</value>
      </Value>
      <Value id="Mozilla_Thunderbird-win-64_var" type="string" operator="equals">
        <title>Mozilla Thunderbird-win-64</title>
        <description>Mozilla Thunderbird-win-64</description>
        <value/>
        <value selector="win10-64-vc">Mozilla Thunderbird-win-64</value>
      </Value>
      <Value id="OpenOffice.org-win-wow64_var" type="string" operator="equals">
        <title>OpenOffice.org-win-wow64</title>
        <description>OpenOffice.org-win-wow64</description>
        <value/>
        <value selector="win10-64-vc">OpenOffice.org-win-wow64</value>
      </Value>
      <Value id="QuickTime-win-64_var" type="string" operator="equals">
        <title>QuickTime-win-64</title>
        <description>QuickTime-win-64</description>
        <value/>
        <value selector="win10-64-vc">QuickTime-win-64</value>
      </Value>
      <Value id="VMware_Player-win-wow64_var" type="string" operator="equals">
        <title>VMware Player-win-wow64</title>
        <description>VMware Player-win-wow64</description>
        <value/>
        <value selector="win10-64-vc">VMware Player-win-wow64</value>
      </Value>
      <Rule id="Adobe_Flash_Player__Plug-in_-win-64">
        <title>Adobe Flash Player (Plug-in)-win-64</title>
        <description>Adobe Flash Player (Plug-in)-win-64</description>
        <reference/>
        <check system="http://oval.mitre.org/XMLSchema/ovaldefinitions-5">
          <check-export value-id="Adobe_Flash_Player__Plug-in_-win-64_var" export-name="oval:jp.jvn.jvndb.v1.oval:var:2181"/>
          <check-content-ref href="https://jvndb.jvn.jp/myjvn?method=getOvalData&amp;ovalId=oval:jp.jvn.jvndb.v1.oval:def:218" name="oval:jp.jvn.jvndb.v1.oval:def:218"/>
        </check>
        <jvndef:display_units>
          <jvndef:title>Adobe Flash Player (Plug-in)</jvndef:title>
          <jvndef:description/>
        </jvndef:display_units>
        <jvndef:display_policy type="1"/>
        <jvndef:display_detail type="0"/>
      </Rule>
      <Rule id="Adobe_Reader-win-64">
        <title>Adobe Reader-win-64</title>
        <description>Adobe Reader-win-64</description>
        <reference/>
        <check system="http://oval.mitre.org/XMLSchema/ovaldefinitions-5">
          <check-export value-id="Adobe_Reader-win-64_var" export-name="oval:jp.jvn.jvndb.v1.oval:var:71"/>
          <check-content-ref href="https://jvndb.jvn.jp/myjvn?method=getOvalData&amp;ovalId=oval:jp.jvn.jvndb.v1.oval:def:7" name="oval:jp.jvn.jvndb.v1.oval:def:7"/>
        </check>
        <jvndef:display_units>
          <jvndef:title>Adobe Reader</jvndef:title>
          <jvndef:description/>
        </jvndef:display_units>
        <jvndef:display_policy type="0"/>
        <jvndef:display_detail type="1"/>
      </Rule>
      <Rule id="Adobe_Shockwave_Player_Wow64">
        <title>Adobe Shockwave Player_Wow64</title>
        <description>Adobe Shockwave Player_Wow64</description>
        <reference/>
        <check system="http://oval.mitre.org/XMLSchema/ovaldefinitions-5">
          <check-export value-id="Adobe_Shockwave_Player_Wow64_var" export-name="oval:jp.jvn.jvndb.v1.oval:var:1601"/>
          <check-content-ref href="https://jvndb.jvn.jp/myjvn?method=getOvalData&amp;ovalId=oval:jp.jvn.jvndb.v1.oval:def:160" name="oval:jp.jvn.jvndb.v1.oval:def:160"/>
        </check>
        <jvndef:display_units>
          <jvndef:title>Adobe Shockwave Player</jvndef:title>
          <jvndef:description/>
        </jvndef:display_units>
        <jvndef:display_policy type="0"/>
        <jvndef:display_detail type="0"/>
      </Rule>
      <Rule id="Becky__Internet_Mailr-win-wow64">
        <title>Becky! Internet Mailr-win-wow64</title>
        <description>Becky! Internet Mailr-win-wow64</description>
        <reference/>
        <check system="http://oval.mitre.org/XMLSchema/ovaldefinitions-5">
          <check-export value-id="Becky__Internet_Mailr-win-wow64_var" export-name="oval:jp.jvn.jvndb.v1.oval:var:1941"/>
          <check-content-ref href="https://jvndb.jvn.jp/myjvn?method=getOvalData&amp;ovalId=oval:jp.jvn.jvndb.v1.oval:def:194" name="oval:jp.jvn.jvndb.v1.oval:def:194"/>
        </check>
        <jvndef:display_units>
          <jvndef:title>Becky! Internet Mail</jvndef:title>
          <jvndef:description/>
        </jvndef:display_units>
        <jvndef:display_policy type="0"/>
        <jvndef:display_detail type="1"/>
      </Rule>
      <Rule id="GoogleChrome-win-64">
        <title>Google Chrome-win-64</title>
        <description>Google Chrome-win-64</description>
        <reference/>
        <check system="http://oval.mitre.org/XMLSchema/ovaldefinitions-5">
          <check-export value-id="GoogleChrome-win-64_var" export-name="oval:jp.jvn.jvndb.v1.oval:var:2501"/>
          <check-content-ref href="https://jvndb.jvn.jp/myjvn?method=getOvalData&amp;ovalId=oval:jp.jvn.jvndb.v1.oval:def:250" name="oval:jp.jvn.jvndb.v1.oval:def:250"/>
        </check>
        <jvndef:display_units>
          <jvndef:title>Google Chrome</jvndef:title>
          <jvndef:description/>
        </jvndef:display_units>
        <jvndef:display_policy type="0"/>
        <jvndef:display_detail type="0"/>
      </Rule>
      <Rule id="iTunes-win-64">
        <title>iTunes-win-64</title>
        <description>iTunes-win-64</description>
        <reference/>
        <check system="http://oval.mitre.org/XMLSchema/ovaldefinitions-5">
          <check-export value-id="iTunes-win-64_var" export-name="oval:jp.jvn.jvndb.v1.oval:var:2421"/>
          <check-content-ref href="https://jvndb.jvn.jp/myjvn?method=getOvalData&amp;ovalId=oval:jp.jvn.jvndb.v1.oval:def:242" name="oval:jp.jvn.jvndb.v1.oval:def:242"/>
        </check>
        <jvndef:display_units>
          <jvndef:title>iTunes</jvndef:title>
          <jvndef:description/>
        </jvndef:display_units>
        <jvndef:display_policy type="0"/>
        <jvndef:display_detail type="0"/>
      </Rule>
      <Rule id="JRE1.9-win-64">
        <title>JRE1.9-win-64</title>
        <description>JRE1.9-win-64</description>
        <reference/>
        <check system="http://oval.mitre.org/XMLSchema/ovaldefinitions-5">
          <check-export value-id="JRE1.9-win-64_var" export-name="oval:jp.jvn.jvndb.v1.oval:var:2541"/>
          <check-content-ref href="https://jvndb.jvn.jp/myjvn?method=getOvalData&amp;ovalId=oval:jp.jvn.jvndb.v1.oval:def:254" name="oval:jp.jvn.jvndb.v1.oval:def:254"/>
        </check>
        <jvndef:display_units>
          <jvndef:title>JRE</jvndef:title>
          <jvndef:description/>
        </jvndef:display_units>
        <jvndef:display_policy type="1"/>
        <jvndef:display_detail type="0"/>
      </Rule>
      <Rule id="Lhaplus-win-64">
        <title>Lhaplus-win-64</title>
        <description>Lhaplus-win-64</description>
        <reference/>
        <check system="http://oval.mitre.org/XMLSchema/ovaldefinitions-5">
          <check-export value-id="Lhaplus-win-64_var" export-name="oval:jp.jvn.jvndb.v1.oval:var:1481"/>
          <check-content-ref href="https://jvndb.jvn.jp/myjvn?method=getOvalData&amp;ovalId=oval:jp.jvn.jvndb.v1.oval:def:148" name="oval:jp.jvn.jvndb.v1.oval:def:148"/>
        </check>
        <jvndef:display_units>
          <jvndef:title>Lhaplus</jvndef:title>
          <jvndef:description/>
        </jvndef:display_units>
        <jvndef:display_policy type="0"/>
        <jvndef:display_detail type="0"/>
      </Rule>
      <Rule id="LibreOffice-win-64">
        <title>LibreOffice-win-64</title>
        <description>LibreOffice-win-64</description>
        <reference/>
        <check system="http://oval.mitre.org/XMLSchema/ovaldefinitions-5">
          <check-export value-id="LibreOffice-win-64_var" export-name="oval:jp.jvn.jvndb.v1.oval:var:2461"/>
          <check-content-ref href="https://jvndb.jvn.jp/myjvn?method=getOvalData&amp;ovalId=oval:jp.jvn.jvndb.v1.oval:def:246" name="oval:jp.jvn.jvndb.v1.oval:def:246"/>
        </check>
        <jvndef:display_units>
          <jvndef:title>LibreOffice</jvndef:title>
          <jvndef:description/>
        </jvndef:display_units>
        <jvndef:display_policy type="0"/>
        <jvndef:display_detail type="0"/>
      </Rule>
      <Rule id="Lunascape-win-64">
        <title>Lunascape-win-64</title>
        <description>Lunascape-win-64</description>
        <reference/>
        <check system="http://oval.mitre.org/XMLSchema/ovaldefinitions-5">
          <check-export value-id="Lunascape-win-64_var" export-name="oval:jp.jvn.jvndb.v1.oval:var:1461"/>
          <check-content-ref href="https://jvndb.jvn.jp/myjvn?method=getOvalData&amp;ovalId=oval:jp.jvn.jvndb.v1.oval:def:146" name="oval:jp.jvn.jvndb.v1.oval:def:146"/>
        </check>
        <jvndef:display_units>
          <jvndef:title>Lunascape</jvndef:title>
          <jvndef:description/>
        </jvndef:display_units>
        <jvndef:display_policy type="0"/>
        <jvndef:display_detail type="1"/>
      </Rule>
      <Rule id="Mozilla_Firefox-win-Wow64">
        <title>Mozilla Firefox-win-Wow64</title>
        <description>Mozilla Firefox-win-Wow64</description>
        <reference/>
        <check system="http://oval.mitre.org/XMLSchema/ovaldefinitions-5">
          <check-export value-id="Mozilla_Firefox-win-Wow64_var" export-name="oval:jp.jvn.jvndb.v1.oval:var:1551"/>
          <check-content-ref href="https://jvndb.jvn.jp/myjvn?method=getOvalData&amp;ovalId=oval:jp.jvn.jvndb.v1.oval:def:155" name="oval:jp.jvn.jvndb.v1.oval:def:155"/>
        </check>
        <jvndef:display_units>
          <jvndef:title>Mozilla Firefox</jvndef:title>
          <jvndef:description/>
        </jvndef:display_units>
        <jvndef:display_policy type="0"/>
        <jvndef:display_detail type="0"/>
      </Rule>
      <Rule id="Mozilla_Thunderbird-win-64">
        <title>Mozilla Thunderbird-win-64</title>
        <description>Mozilla Thunderbird-win-64</description>
        <reference/>
        <check system="http://oval.mitre.org/XMLSchema/ovaldefinitions-5">
          <check-export value-id="Mozilla_Thunderbird-win-64_var" export-name="oval:jp.jvn.jvndb.v1.oval:var:1501"/>
          <check-content-ref href="https://jvndb.jvn.jp/myjvn?method=getOvalData&amp;ovalId=oval:jp.jvn.jvndb.v1.oval:def:150" name="oval:jp.jvn.jvndb.v1.oval:def:150"/>
        </check>
        <jvndef:display_units>
          <jvndef:title>Mozilla Thunderbird</jvndef:title>
          <jvndef:description/>
        </jvndef:display_units>
        <jvndef:display_policy type="0"/>
        <jvndef:display_detail type="0"/>
      </Rule>
      <Rule id="OpenOffice.org-win-wow64">
        <title>OpenOffice.org-win-wow64</title>
        <description>OpenOffice.org-win-wow64</description>
        <reference/>
        <check system="http://oval.mitre.org/XMLSchema/ovaldefinitions-5">
          <check-export value-id="OpenOffice.org-win-wow64_var" export-name="oval:jp.jvn.jvndb.v1.oval:var:1981"/>
          <check-content-ref href="https://jvndb.jvn.jp/myjvn?method=getOvalData&amp;ovalId=oval:jp.jvn.jvndb.v1.oval:def:198" name="oval:jp.jvn.jvndb.v1.oval:def:198"/>
        </check>
        <jvndef:display_units>
          <jvndef:title>OpenOffice.org</jvndef:title>
          <jvndef:description/>
        </jvndef:display_units>
        <jvndef:display_policy type="0"/>
        <jvndef:display_detail type="1"/>
      </Rule>
      <Rule id="QuickTime-win-64">
        <title>QuickTime-win-64</title>
        <description>QuickTime-win-64</description>
        <reference/>
        <check system="http://oval.mitre.org/XMLSchema/ovaldefinitions-5">
          <check-export value-id="QuickTime-win-64_var" export-name="oval:jp.jvn.jvndb.v1.oval:var:1211"/>
          <check-content-ref href="https://jvndb.jvn.jp/myjvn?method=getOvalData&amp;ovalId=oval:jp.jvn.jvndb.v1.oval:def:121" name="oval:jp.jvn.jvndb.v1.oval:def:121"/>
        </check>
        <jvndef:display_units>
          <jvndef:title>QuickTime</jvndef:title>
          <jvndef:description/>
        </jvndef:display_units>
        <jvndef:display_policy type="0"/>
        <jvndef:display_detail type="1"/>
      </Rule>
      <Rule id="VMware_Player-win-wow64">
        <title>VMware Player-win-wow64</title>
        <description>VMware Player-win-wow64</description>
        <reference/>
        <check system="http://oval.mitre.org/XMLSchema/ovaldefinitions-5">
          <check-export value-id="VMware_Player-win-wow64_var" export-name="oval:jp.jvn.jvndb.v1.oval:var:2021"/>
          <check-content-ref href="https://jvndb.jvn.jp/myjvn?method=getOvalData&amp;ovalId=oval:jp.jvn.jvndb.v1.oval:def:202" name="oval:jp.jvn.jvndb.v1.oval:def:202"/>
        </check>
        <jvndef:display_units>
          <jvndef:title>VMware Player</jvndef:title>
          <jvndef:description/>
        </jvndef:display_units>
        <jvndef:display_policy type="0"/>
        <jvndef:display_detail type="0"/>
      </Rule>
    </Group>
  </Benchmark>
