<?xml version="1.0" encoding="UTF-8" ?>
   <Benchmark id="win2008-64-custom" xml:lang="jp" xmlns:xsi="http://www.w3.org/2001/XMLSchema-instance" xmlns="http://checklists.nist.gov/xccdf/1.1" xmlns:cdf="http://checklists.nist.gov/xccdf/1.1" xmlns:cpe="http://cpe.mitre.org/XMLSchema/cpe/1.0" xmlns:dc="http://purl.org/dc/elements/1.1/" xmlns:dsig="http://www.w3.org/2000/09/xmldsig#" xmlns:xhtml="http://www.w3.org/1999/xhtml" xmlns:jvndef="http://jvndb.jvn.jp/myjvn/jvndefinitions" xsi:schemaLocation="http://checklists.nist.gov/xccdf/1.1 https://jvndb.jvn.jp/schema/xccdf-1.1.4.xsd http://jvndb.jvn.jp/myjvn/jvndefinitions https://jvndb.jvn.jp/schema/jvndefinitions_0.2.xsd">
    <status date="2011-08-16">draft</status>
    <title>参考値</title>
    <description>Windows systems</description>
    <reference href="https://jvndb.jvn.jp/ja/apis/myjvn/">
      <dc:title>Windows チェックリスト</dc:title>
      <dc:creator>セキュリティ部</dc:creator>
      <dc:publisher>Information Promotion Agency, Japan</dc:publisher>
      <dc:identifier>https://jvndb.jvn.jp/ja/apis/myjvn/</dc:identifier>
    </reference>
    <version>1.0</version>
    <Profile id="win2008-64-custom">
      <title>参考値</title>
      <description>Windows systems</description>
      <select idref="RuleID41" selected="1"/>
      <select idref="RuleID44" selected="1"/>
      <select idref="RuleID47" selected="1"/>
      <select idref="RuleID50" selected="1"/>
      <select idref="RuleID106" selected="1"/>
      <select idref="RuleID118" selected="1"/>
      <select idref="RuleID110" selected="1"/>
      <select idref="RuleID114" selected="1"/>
      <select idref="RuleID107" selected="1"/>
      <select idref="RuleID119" selected="1"/>
      <select idref="RuleID111" selected="1"/>
      <select idref="RuleID115" selected="1"/>
      <select idref="RuleID53" selected="1"/>
      <select idref="RuleID56" selected="1"/>
      <select idref="RuleID59" selected="1"/>
      <select idref="RuleID122" selected="1"/>
      <select idref="RuleID126" selected="1"/>
      <select idref="RuleID130" selected="1"/>
      <select idref="RuleID123" selected="1"/>
      <select idref="RuleID127" selected="1"/>
      <select idref="RuleID131" selected="1"/>
      <select idref="RuleID62" selected="1"/>
      <select idref="RuleID65" selected="1"/>
      <select idref="RuleID134" selected="1"/>
      <select idref="RuleID138" selected="1"/>
      <select idref="RuleID135" selected="1"/>
      <select idref="RuleID139" selected="1"/>
      <select idref="RuleID142" selected="1"/>
      <select idref="RuleID143" selected="1"/>
      <select idref="RuleID144" selected="1"/>
      <select idref="Apache_HTTP_Server-win" selected="1"/>
      <select idref="Apache_Tomcat-win-64" selected="1"/>
      <select idref="BIND-win-64" selected="1"/>
      <select idref="JRE1.6-win-64" selected="1"/>
      <select idref="OpenSSL-win-64" selected="1"/>
      <refine-value idref="RuleID41_var"/>
      <refine-value idref="RuleID44_var"/>
      <refine-value idref="RuleID47_var"/>
      <refine-value idref="RuleID50_var"/>
      <refine-value idref="RuleID106_var"/>
      <refine-value idref="RuleID118_var"/>
      <refine-value idref="RuleID110_var"/>
      <refine-value idref="RuleID114_var"/>
      <refine-value idref="RuleID107_var"/>
      <refine-value idref="RuleID119_var"/>
      <refine-value idref="RuleID111_var"/>
      <refine-value idref="RuleID115_var"/>
      <refine-value idref="RuleID53_var"/>
      <refine-value idref="RuleID56_var"/>
      <refine-value idref="RuleID59_var"/>
      <refine-value idref="RuleID122_var"/>
      <refine-value idref="RuleID126_var"/>
      <refine-value idref="RuleID130_var"/>
      <refine-value idref="RuleID123_var"/>
      <refine-value idref="RuleID127_var"/>
      <refine-value idref="RuleID131_var"/>
      <refine-value idref="RuleID62_var"/>
      <refine-value idref="RuleID65_var"/>
      <refine-value idref="RuleID134_var"/>
      <refine-value idref="RuleID138_var"/>
      <refine-value idref="RuleID135_var"/>
      <refine-value idref="RuleID139_var"/>
      <refine-value idref="RuleID142_var"/>
      <refine-value idref="RuleID143_var"/>
      <refine-value idref="RuleID144_var"/>
      <refine-value idref="Apache_HTTP_Server-win_var"/>
      <refine-value idref="Apache_Tomcat-win-64_var"/>
      <refine-value idref="BIND-win-64_var"/>
      <refine-value idref="JRE1.6-win-64_var"/>
      <refine-value idref="OpenSSL-win-64_var"/>
    </Profile>
    <Group id="GroupID1">
      <title>パスワードポリシー</title>
      <description>パスワードポリシー</description>
      <Value id="RuleID41_var" type="number" operator="greater than or equal">
        <title>パスワードの長さ (Windows 2008 一般レベル)</title>
        <description>チェック結果は「参考値を満たしていません」となっています。&lt;br&gt;PC設定値を変更したい場合には、&lt;a href='https://jvndb.jvn.jp/apis/myjvn/cccheck/cce_password.html#faq2006'&gt;「セキュリティ項目の設定方法」&lt;/a&gt;を参照ください。</description>
        <value/>
        <value selector="win2008-64-custom">8</value>
        <jvndef:display_units>
          <jvndef:unit_name unit="文字以上"/>
          <jvndef:description/>
        </jvndef:display_units>
      </Value>
      <Value id="RuleID44_var" type="number" operator="greater than or equal">
        <title>パスワードの変更禁止期間 (Windows 2008 一般レベル)</title>
        <description>チェック結果は「参考値を満たしていません」となっています。&lt;br&gt;PC設定値を変更したい場合には、&lt;a href='https://jvndb.jvn.jp/apis/myjvn/cccheck/cce_password.html#faq2006'&gt;「セキュリティ項目の設定方法」&lt;/a&gt;を参照ください。</description>
        <value/>
        <value selector="win2008-64-custom">2</value>
        <jvndef:display_units>
          <jvndef:unit_time from="day" to="day" unit="日以上"/>
          <jvndef:description/>
        </jvndef:display_units>
      </Value>
      <Value id="RuleID47_var" type="number" operator="less than or equal">
        <title>パスワードの有効期間 (Windows 2008 一般レベル)</title>
        <description>チェック結果は「参考値を満たしていません」となっています。&lt;br&gt;PC設定値を変更したい場合には、&lt;a href='https://jvndb.jvn.jp/apis/myjvn/cccheck/cce_password.html#faq2006'&gt;「セキュリティ項目の設定方法」&lt;/a&gt;を参照ください。</description>
        <value/>
        <value selector="win2008-64-custom">42</value>
        <jvndef:display_units>
          <jvndef:unit_time from="day" to="day" unit="日以下"/>
          <jvndef:description/>
        </jvndef:display_units>
      </Value>
      <Value id="RuleID50_var" type="number" operator="greater than or equal">
        <title>パスワードの履歴を記録する (Windows 2008 一般レベル)</title>
        <description>チェック結果は「参考値を満たしていません」となっています。&lt;br&gt;PC設定値を変更したい場合には、&lt;a href='https://jvndb.jvn.jp/apis/myjvn/cccheck/cce_password.html#faq2006'&gt;「セキュリティ項目の設定方法」&lt;/a&gt;を参照ください。</description>
        <value/>
        <value selector="win2008-64-custom">24</value>
        <jvndef:display_units>
          <jvndef:unit_name unit="個以上"/>
          <jvndef:description/>
        </jvndef:display_units>
      </Value>
      <Value id="RuleID106_var" type="number" operator="greater than or equal">
        <title>パスワードの長さ (Windows 2008 高レベル)</title>
        <description>チェック結果は「参考値を満たしていません」となっています。&lt;br&gt;PC設定値を変更したい場合には、&lt;a href='https://jvndb.jvn.jp/apis/myjvn/cccheck/cce_password.html#faq2006'&gt;「セキュリティ項目の設定方法」&lt;/a&gt;を参照ください。</description>
        <value/>
        <value selector="win2008-64-custom">12</value>
        <jvndef:display_units>
          <jvndef:unit_name unit="文字以上"/>
          <jvndef:description/>
        </jvndef:display_units>
      </Value>
      <Value id="RuleID118_var" type="number" operator="greater than or equal">
        <title>パスワードの変更禁止期間 (Windows 2008 高レベル)</title>
        <description>チェック結果は「参考値を満たしていません」となっています。&lt;br&gt;PC設定値を変更したい場合には、&lt;a href='https://jvndb.jvn.jp/apis/myjvn/cccheck/cce_password.html#faq2006'&gt;「セキュリティ項目の設定方法」&lt;/a&gt;を参照ください。</description>
        <value/>
        <value selector="win2008-64-custom">1</value>
        <jvndef:display_units>
          <jvndef:unit_time from="day" to="day" unit="日以上"/>
          <jvndef:description/>
        </jvndef:display_units>
      </Value>
      <Value id="RuleID110_var" type="number" operator="less than or equal">
        <title>パスワードの有効期間 (Windows 2008 高レベル)</title>
        <description>チェック結果は「参考値を満たしていません」となっています。&lt;br&gt;PC設定値を変更したい場合には、&lt;a href='https://jvndb.jvn.jp/apis/myjvn/cccheck/cce_password.html#faq2006'&gt;「セキュリティ項目の設定方法」&lt;/a&gt;を参照ください。</description>
        <value/>
        <value selector="win2008-64-custom">60</value>
        <jvndef:display_units>
          <jvndef:unit_time from="day" to="day" unit="日以下"/>
          <jvndef:description/>
        </jvndef:display_units>
      </Value>
      <Value id="RuleID114_var" type="number" operator="greater than or equal">
        <title>パスワードの履歴を記録する (Windows 2008 高レベル)</title>
        <description>チェック結果は「参考値を満たしていません」となっています。&lt;br&gt;PC設定値を変更したい場合には、&lt;a href='https://jvndb.jvn.jp/apis/myjvn/cccheck/cce_password.html#faq2006'&gt;「セキュリティ項目の設定方法」&lt;/a&gt;を参照ください。</description>
        <value/>
        <value selector="win2008-64-custom">24</value>
        <jvndef:display_units>
          <jvndef:unit_name unit="個以上"/>
          <jvndef:description/>
        </jvndef:display_units>
      </Value>
      <Value id="RuleID107_var" type="number" operator="greater than or equal">
        <title>パスワードの長さ (Windows 2008 最高レベル)</title>
        <description>チェック結果は「参考値を満たしていません」となっています。&lt;br&gt;PC設定値を変更したい場合には、&lt;a href='https://jvndb.jvn.jp/apis/myjvn/cccheck/cce_password.html#faq2006'&gt;「セキュリティ項目の設定方法」&lt;/a&gt;を参照ください。</description>
        <value/>
        <value selector="win2008-64-custom">14</value>
        <jvndef:display_units>
          <jvndef:unit_name unit="文字以上"/>
          <jvndef:description/>
        </jvndef:display_units>
      </Value>
      <Value id="RuleID119_var" type="number" operator="greater than or equal">
        <title>パスワードの変更禁止期間 (Windows 2008 最高レベル)</title>
        <description>チェック結果は「参考値を満たしていません」となっています。&lt;br&gt;PC設定値を変更したい場合には、&lt;a href='https://jvndb.jvn.jp/apis/myjvn/cccheck/cce_password.html#faq2006'&gt;「セキュリティ項目の設定方法」&lt;/a&gt;を参照ください。</description>
        <value/>
        <value selector="win2008-64-custom">1</value>
        <jvndef:display_units>
          <jvndef:unit_time from="day" to="day" unit="日以上"/>
          <jvndef:description/>
        </jvndef:display_units>
      </Value>
      <Value id="RuleID111_var" type="number" operator="less than or equal">
        <title>パスワードの有効期間 (Windows 2008 最高レベル)</title>
        <description>チェック結果は「参考値を満たしていません」となっています。&lt;br&gt;PC設定値を変更したい場合には、&lt;a href='https://jvndb.jvn.jp/apis/myjvn/cccheck/cce_password.html#faq2006'&gt;「セキュリティ項目の設定方法」&lt;/a&gt;を参照ください。</description>
        <value/>
        <value selector="win2008-64-custom">60</value>
        <jvndef:display_units>
          <jvndef:unit_time from="day" to="day" unit="日以下"/>
          <jvndef:description/>
        </jvndef:display_units>
      </Value>
      <Value id="RuleID115_var" type="number" operator="greater than or equal">
        <title>パスワードの履歴を記録する (Windows 2008 最高レベル)</title>
        <description>チェック結果は「参考値を満たしていません」となっています。&lt;br&gt;PC設定値を変更したい場合には、&lt;a href='https://jvndb.jvn.jp/apis/myjvn/cccheck/cce_password.html#faq2006'&gt;「セキュリティ項目の設定方法」&lt;/a&gt;を参照ください。</description>
        <value/>
        <value selector="win2008-64-custom">24</value>
        <jvndef:display_units>
          <jvndef:unit_name unit="個以上"/>
          <jvndef:description/>
        </jvndef:display_units>
      </Value>
      <Rule id="RuleID41">
        <title>パスワードの長さ (Windows 2008/2012 一般レベル)</title>
        <description>このセキュリティ設定は、Windows 2008/2012 ログインの際に使用するパスワードの長さについて、指定された文字数以上のパスワードの長さ&lt;br&gt;のみを受入れるようポリシー設定されているかを確認しています（&lt;a href='https://jvndb.jvn.jp/apis/myjvn/cccheck/cce_password.html#myjvnapp03'&gt;「チェック方法の解説」&lt;/a&gt;参照）。</description>
        <reference>A.CCE-2240-0</reference>
        <check system="http://oval.mitre.org/XMLSchema/ovaldefinitions-5">
          <check-export value-id="RuleID41_var" export-name="oval:jp.jvn.jvndb.v1.oval:var:341"/>
          <check-content-ref href="https://jvndb.jvn.jp/myjvn?method=getOvalData&amp;ovalId=oval:jp.jvn.jvndb.v1.oval:def:34" name="oval:jp.jvn.jvndb.v1.oval:def:34"/>
        </check>
        <jvndef:display_units>
          <jvndef:title>パスワードの長さ</jvndef:title>
          <jvndef:description/>
        </jvndef:display_units>
      </Rule>
      <Rule id="RuleID44">
        <title>パスワードの変更禁止期間 (Windows 2008/2012 一般レベル)</title>
        <description>このセキュリティ設定は、Windows 2008/2012 ログインの際に使用するパスワードの変更禁止期間について、指定された日数を下回る期間を&lt;br&gt;受入れないようポリシー設定されているかを確認しています（&lt;a href='https://jvndb.jvn.jp/apis/myjvn/cccheck/cce_password.html#myjvnapp03'&gt;「チェック方法の解説」&lt;/a&gt;参照）。</description>
        <reference>A.CCE-2200-4</reference>
        <check system="http://oval.mitre.org/XMLSchema/ovaldefinitions-5">
          <check-export value-id="RuleID44_var" export-name="oval:jp.jvn.jvndb.v1.oval:var:371"/>
          <check-content-ref href="https://jvndb.jvn.jp/myjvn?method=getOvalData&amp;ovalId=oval:jp.jvn.jvndb.v1.oval:def:37" name="oval:jp.jvn.jvndb.v1.oval:def:37"/>
        </check>
        <jvndef:display_units>
          <jvndef:title>パスワードの変更禁止期間</jvndef:title>
          <jvndef:description/>
        </jvndef:display_units>
      </Rule>
      <Rule id="RuleID47">
        <title>パスワードの有効期間 (Windows 2008/2012 一般レベル)</title>
        <description>このセキュリティ設定は、Windows 2008/2012 ログインの際に使用するパスワードの有効期間について、指定された日数を上回る有効期間を&lt;br&gt;受入れないようポリシー設定されているかを確認しています（&lt;a href='https://jvndb.jvn.jp/apis/myjvn/cccheck/cce_password.html#myjvnapp03'&gt;「チェック方法の解説」&lt;/a&gt;参照）。</description>
        <reference>A.CCE-2200-4</reference>
        <check system="http://oval.mitre.org/XMLSchema/ovaldefinitions-5">
          <check-export value-id="RuleID47_var" export-name="oval:jp.jvn.jvndb.v1.oval:var:351"/>
          <check-content-ref href="https://jvndb.jvn.jp/myjvn?method=getOvalData&amp;ovalId=oval:jp.jvn.jvndb.v1.oval:def:35" name="oval:jp.jvn.jvndb.v1.oval:def:35"/>
        </check>
        <jvndef:display_units>
          <jvndef:title>パスワードの有効期間</jvndef:title>
          <jvndef:description/>
        </jvndef:display_units>
      </Rule>
      <Rule id="RuleID50">
        <title>パスワードの履歴を記録する (Windows 2008/2012 一般レベル)</title>
        <description>このセキュリティ設定は、Windows 2008/2012 ログインの際に使用するパスワードの履歴管理について、同じパスワードを連続して使えない&lt;br&gt;回数が、指定された回数以上となるようポリシー設定されているかを確認しています（&lt;a href='https://jvndb.jvn.jp/apis/myjvn/cccheck/cce_password.html#myjvnapp03'&gt;「チェック方法の解説」&lt;/a&gt;参照）。</description>
        <reference>A.CCE-2237-6</reference>
        <check system="http://oval.mitre.org/XMLSchema/ovaldefinitions-5">
          <check-export value-id="RuleID50_var" export-name="oval:jp.jvn.jvndb.v1.oval:var:361"/>
          <check-content-ref href="https://jvndb.jvn.jp/myjvn?method=getOvalData&amp;ovalId=oval:jp.jvn.jvndb.v1.oval:def:36" name="oval:jp.jvn.jvndb.v1.oval:def:36"/>
        </check>
        <jvndef:display_units>
          <jvndef:title>パスワードの履歴を記録する</jvndef:title>
          <jvndef:description/>
        </jvndef:display_units>
      </Rule>
      <Rule id="RuleID106">
        <title>パスワードの長さ (Windows 2008/2012 高レベル)</title>
        <description>このセキュリティ設定は、Windows 2008/2012 ログインの際に使用するパスワードの長さについて、指定された文字数以上のパスワードの長さ&lt;br&gt;のみを受入れるようポリシー設定されているかを確認しています（&lt;a href='https://jvndb.jvn.jp/apis/myjvn/cccheck/cce_password.html#myjvnapp03'&gt;「チェック方法の解説」&lt;/a&gt;参照）。</description>
        <reference>B.CCE-2240-0</reference>
        <check system="http://oval.mitre.org/XMLSchema/ovaldefinitions-5">
          <check-export value-id="RuleID106_var" export-name="oval:jp.jvn.jvndb.v1.oval:var:341"/>
          <check-content-ref href="https://jvndb.jvn.jp/myjvn?method=getOvalData&amp;ovalId=oval:jp.jvn.jvndb.v1.oval:def:34" name="oval:jp.jvn.jvndb.v1.oval:def:34"/>
        </check>
        <jvndef:display_units>
          <jvndef:title>パスワードの長さ</jvndef:title>
          <jvndef:description/>
        </jvndef:display_units>
      </Rule>
      <Rule id="RuleID118">
        <title>パスワードの変更禁止期間 (Windows 2008/2012 高レベル)</title>
        <description>このセキュリティ設定は、Windows 2008/2012 ログインの際に使用するパスワードの変更禁止期間について、指定された日数を下回る期間を&lt;br&gt;受入れないようポリシー設定されているかを確認しています（&lt;a href='https://jvndb.jvn.jp/apis/myjvn/cccheck/cce_password.html#myjvnapp03'&gt;「チェック方法の解説」&lt;/a&gt;参照）。</description>
        <reference>B.CCE-2200-4</reference>
        <check system="http://oval.mitre.org/XMLSchema/ovaldefinitions-5">
          <check-export value-id="RuleID118_var" export-name="oval:jp.jvn.jvndb.v1.oval:var:371"/>
          <check-content-ref href="https://jvndb.jvn.jp/myjvn?method=getOvalData&amp;ovalId=oval:jp.jvn.jvndb.v1.oval:def:37" name="oval:jp.jvn.jvndb.v1.oval:def:37"/>
        </check>
        <jvndef:display_units>
          <jvndef:title>パスワードの変更禁止期間</jvndef:title>
          <jvndef:description/>
        </jvndef:display_units>
      </Rule>
      <Rule id="RuleID110">
        <title>パスワードの有効期間 (Windows 2008/2012 高レベル)</title>
        <description>このセキュリティ設定は、Windows 2008/2012 ログインの際に使用するパスワードの有効期間について、指定された日数を上回る有効期間を&lt;br&gt;受入れないようポリシー設定されているかを確認しています（&lt;a href='https://jvndb.jvn.jp/apis/myjvn/cccheck/cce_password.html#myjvnapp03'&gt;「チェック方法の解説」&lt;/a&gt;参照）。</description>
        <reference>B.CCE-2200-4</reference>
        <check system="http://oval.mitre.org/XMLSchema/ovaldefinitions-5">
          <check-export value-id="RuleID110_var" export-name="oval:jp.jvn.jvndb.v1.oval:var:351"/>
          <check-content-ref href="https://jvndb.jvn.jp/myjvn?method=getOvalData&amp;ovalId=oval:jp.jvn.jvndb.v1.oval:def:35" name="oval:jp.jvn.jvndb.v1.oval:def:35"/>
        </check>
        <jvndef:display_units>
          <jvndef:title>パスワードの有効期間</jvndef:title>
          <jvndef:description/>
        </jvndef:display_units>
      </Rule>
      <Rule id="RuleID114">
        <title>パスワードの履歴を記録する (Windows 2008/2012 高レベル)</title>
        <description>このセキュリティ設定は、Windows 2008/2012 ログインの際に使用するパスワードの履歴管理について、同じパスワードを連続して使えない&lt;br&gt;回数が、指定された回数以上となるようポリシー設定されているかを確認しています（&lt;a href='https://jvndb.jvn.jp/apis/myjvn/cccheck/cce_password.html#myjvnapp03'&gt;「チェック方法の解説」&lt;/a&gt;参照）。</description>
        <reference>B.CCE-2237-6</reference>
        <check system="http://oval.mitre.org/XMLSchema/ovaldefinitions-5">
          <check-export value-id="RuleID114_var" export-name="oval:jp.jvn.jvndb.v1.oval:var:361"/>
          <check-content-ref href="https://jvndb.jvn.jp/myjvn?method=getOvalData&amp;ovalId=oval:jp.jvn.jvndb.v1.oval:def:36" name="oval:jp.jvn.jvndb.v1.oval:def:36"/>
        </check>
        <jvndef:display_units>
          <jvndef:title>パスワードの履歴を記録する</jvndef:title>
          <jvndef:description/>
        </jvndef:display_units>
      </Rule>
      <Rule id="RuleID107">
        <title>パスワードの長さ (Windows 2008/2012 最高レベル)</title>
        <description>このセキュリティ設定は、Windows 2008/2012 ログインの際に使用するパスワードの長さについて、指定された文字数以上のパスワードの長さ&lt;br&gt;のみを受入れるようポリシー設定されているかを確認しています（&lt;a href='https://jvndb.jvn.jp/apis/myjvn/cccheck/cce_password.html#myjvnapp03'&gt;「チェック方法の解説」&lt;/a&gt;参照）。</description>
        <reference>C.CCE-2240-0</reference>
        <check system="http://oval.mitre.org/XMLSchema/ovaldefinitions-5">
          <check-export value-id="RuleID107_var" export-name="oval:jp.jvn.jvndb.v1.oval:var:341"/>
          <check-content-ref href="https://jvndb.jvn.jp/myjvn?method=getOvalData&amp;ovalId=oval:jp.jvn.jvndb.v1.oval:def:34" name="oval:jp.jvn.jvndb.v1.oval:def:34"/>
        </check>
        <jvndef:display_units>
          <jvndef:title>パスワードの長さ</jvndef:title>
          <jvndef:description/>
        </jvndef:display_units>
      </Rule>
      <Rule id="RuleID119">
        <title>パスワードの変更禁止期間 (Windows 2008/2012 最高レベル)</title>
        <description>このセキュリティ設定は、Windows 2008/2012 ログインの際に使用するパスワードの変更禁止期間について、指定された日数を下回る期間を&lt;br&gt;受入れないようポリシー設定されているかを確認しています（&lt;a href='https://jvndb.jvn.jp/apis/myjvn/cccheck/cce_password.html#myjvnapp03'&gt;「チェック方法の解説」&lt;/a&gt;参照）。</description>
        <reference>C.CCE-2200-4</reference>
        <check system="http://oval.mitre.org/XMLSchema/ovaldefinitions-5">
          <check-export value-id="RuleID119_var" export-name="oval:jp.jvn.jvndb.v1.oval:var:371"/>
          <check-content-ref href="https://jvndb.jvn.jp/myjvn?method=getOvalData&amp;ovalId=oval:jp.jvn.jvndb.v1.oval:def:37" name="oval:jp.jvn.jvndb.v1.oval:def:37"/>
        </check>
        <jvndef:display_units>
          <jvndef:title>パスワードの変更禁止期間</jvndef:title>
          <jvndef:description/>
        </jvndef:display_units>
      </Rule>
      <Rule id="RuleID111">
        <title>パスワードの有効期間 (Windows 2008/2012 最高レベル)</title>
        <description>このセキュリティ設定は、Windows 2008/2012 ログインの際に使用するパスワードの有効期間について、指定された日数を上回る有効期間を&lt;br&gt;受入れないようポリシー設定されているかを確認しています（&lt;a href='https://jvndb.jvn.jp/apis/myjvn/cccheck/cce_password.html#myjvnapp03'&gt;「チェック方法の解説」&lt;/a&gt;参照）。</description>
        <reference>C.CCE-2200-4</reference>
        <check system="http://oval.mitre.org/XMLSchema/ovaldefinitions-5">
          <check-export value-id="RuleID111_var" export-name="oval:jp.jvn.jvndb.v1.oval:var:351"/>
          <check-content-ref href="https://jvndb.jvn.jp/myjvn?method=getOvalData&amp;ovalId=oval:jp.jvn.jvndb.v1.oval:def:35" name="oval:jp.jvn.jvndb.v1.oval:def:35"/>
        </check>
        <jvndef:display_units>
          <jvndef:title>パスワードの有効期間</jvndef:title>
          <jvndef:description/>
        </jvndef:display_units>
      </Rule>
      <Rule id="RuleID115">
        <title>パスワードの履歴を記録する (Windows 2008/2012 最高レベル)</title>
        <description>このセキュリティ設定は、Windows 2008/2012 ログインの際に使用するパスワードの履歴管理について、同じパスワードを連続して使えない&lt;br&gt;回数が、指定された回数以上となるようポリシー設定されているかを確認しています（&lt;a href='https://jvndb.jvn.jp/apis/myjvn/cccheck/cce_password.html#myjvnapp03'&gt;「チェック方法の解説」&lt;/a&gt;参照）。</description>
        <reference>C.CCE-2237-6</reference>
        <check system="http://oval.mitre.org/XMLSchema/ovaldefinitions-5">
          <check-export value-id="RuleID115_var" export-name="oval:jp.jvn.jvndb.v1.oval:var:361"/>
          <check-content-ref href="https://jvndb.jvn.jp/myjvn?method=getOvalData&amp;ovalId=oval:jp.jvn.jvndb.v1.oval:def:36" name="oval:jp.jvn.jvndb.v1.oval:def:36"/>
        </check>
        <jvndef:display_units>
          <jvndef:title>パスワードの履歴を記録する</jvndef:title>
          <jvndef:description/>
        </jvndef:display_units>
      </Rule>
    </Group>
    <Group id="GroupID2">
      <title>アカウントロックアウトポリシー</title>
      <description>アカウントロックアウトポリシー</description>
      <Value id="RuleID53_var" type="number" operator="less than or equal">
        <title>アカウントのロックアウトのしきい値 (Windows 2008 一般レベル)</title>
        <description>チェック結果は「参考値を満たしていません」となっています。&lt;br&gt;PC設定値を変更したい場合には、&lt;a href='https://jvndb.jvn.jp/apis/myjvn/cccheck/cce_password.html#faq2006'&gt;「セキュリティ項目の設定方法」&lt;/a&gt;を参照ください。</description>
        <value/>
        <value selector="win2008-64-custom">10</value>
        <jvndef:display_units>
          <jvndef:unit_name unit="回以内"/>
          <jvndef:description/>
        </jvndef:display_units>
      </Value>
      <Value id="RuleID56_var" type="number" operator="greater than or equal">
        <title>ロックアウトカウントのリセット (Windows 2008 一般レベル)</title>
        <description>チェック結果は「参考値を満たしていません」となっています。&lt;br&gt;PC設定値を変更したい場合には、&lt;a href='https://jvndb.jvn.jp/apis/myjvn/cccheck/cce_password.html#faq2006'&gt;「セキュリティ項目の設定方法」&lt;/a&gt;を参照ください。</description>
        <value/>
        <value selector="win2008-64-custom">1800</value>
        <jvndef:display_units>
          <jvndef:unit_time from="second" to="minute" unit="分以上"/>
          <jvndef:description/>
        </jvndef:display_units>
      </Value>
      <Value id="RuleID59_var" type="number" operator="greater than or equal">
        <title>ロックアウト期間 (Windows 2008 一般レベル)</title>
        <description>チェック結果は「参考値を満たしていません」となっています。&lt;br&gt;PC設定値を変更したい場合には、&lt;a href='https://jvndb.jvn.jp/apis/myjvn/cccheck/cce_password.html#faq2006'&gt;「セキュリティ項目の設定方法」&lt;/a&gt;を参照ください。</description>
        <value/>
        <value selector="win2008-64-custom">1800</value>
        <jvndef:display_units>
          <jvndef:unit_time from="second" to="minute" unit="分以上"/>
          <jvndef:description/>
        </jvndef:display_units>
      </Value>
      <Value id="RuleID122_var" type="number" operator="less than or equal">
        <title>アカウントのロックアウトのしきい値 (Windows 2008 高レベル)</title>
        <description>チェック結果は「参考値を満たしていません」となっています。&lt;br&gt;PC設定値を変更したい場合には、&lt;a href='https://jvndb.jvn.jp/apis/myjvn/cccheck/cce_password.html#faq2006'&gt;「セキュリティ項目の設定方法」&lt;/a&gt;を参照ください。</description>
        <value/>
        <value selector="win2008-64-custom">5</value>
        <jvndef:display_units>
          <jvndef:unit_name unit="回以内"/>
          <jvndef:description/>
        </jvndef:display_units>
      </Value>
      <Value id="RuleID126_var" type="number" operator="greater than or equal">
        <title>ロックアウトカウントのリセット (Windows 2008 高レベル)</title>
        <description>チェック結果は「参考値を満たしていません」となっています。&lt;br&gt;PC設定値を変更したい場合には、&lt;a href='https://jvndb.jvn.jp/apis/myjvn/cccheck/cce_password.html#faq2006'&gt;「セキュリティ項目の設定方法」&lt;/a&gt;を参照ください。</description>
        <value/>
        <value selector="win2008-64-custom">900</value>
        <jvndef:display_units>
          <jvndef:unit_time from="second" to="minute" unit="分以上"/>
          <jvndef:description/>
        </jvndef:display_units>
      </Value>
      <Value id="RuleID130_var" type="number" operator="greater than or equal">
        <title>ロックアウト期間 (Windows 2008 高レベル)</title>
        <description>チェック結果は「参考値を満たしていません」となっています。&lt;br&gt;PC設定値を変更したい場合には、&lt;a href='https://jvndb.jvn.jp/apis/myjvn/cccheck/cce_password.html#faq2006'&gt;「セキュリティ項目の設定方法」&lt;/a&gt;を参照ください。</description>
        <value/>
        <value selector="win2008-64-custom">900</value>
        <jvndef:display_units>
          <jvndef:unit_time from="second" to="minute" unit="分以上"/>
          <jvndef:description/>
        </jvndef:display_units>
      </Value>
      <Value id="RuleID123_var" type="number" operator="less than or equal">
        <title>アカウントのロックアウトのしきい値 (Windows 2008 最高レベル)</title>
        <description>チェック結果は「参考値を満たしていません」となっています。&lt;br&gt;PC設定値を変更したい場合には、&lt;a href='https://jvndb.jvn.jp/apis/myjvn/cccheck/cce_password.html#faq2006'&gt;「セキュリティ項目の設定方法」&lt;/a&gt;を参照ください。</description>
        <value/>
        <value selector="win2008-64-custom">3</value>
        <jvndef:display_units>
          <jvndef:unit_name unit="回以内"/>
          <jvndef:description/>
        </jvndef:display_units>
      </Value>
      <Value id="RuleID127_var" type="number" operator="greater than or equal">
        <title>ロックアウトカウントのリセット (Windows 2008 最高レベル)</title>
        <description>チェック結果は「参考値を満たしていません」となっています。&lt;br&gt;PC設定値を変更したい場合には、&lt;a href='https://jvndb.jvn.jp/apis/myjvn/cccheck/cce_password.html#faq2006'&gt;「セキュリティ項目の設定方法」&lt;/a&gt;を参照ください。</description>
        <value/>
        <value selector="win2008-64-custom">3600</value>
        <jvndef:display_units>
          <jvndef:unit_time from="second" to="minute" unit="分以上"/>
          <jvndef:description/>
        </jvndef:display_units>
      </Value>
      <Value id="RuleID131_var" type="number" operator="greater than or equal">
        <title>ロックアウト期間 (Windows 2008 最高レベル)</title>
        <description>チェック結果は「参考値を満たしていません」となっています。&lt;br&gt;PC設定値を変更したい場合には、&lt;a href='https://jvndb.jvn.jp/apis/myjvn/cccheck/cce_password.html#faq2006'&gt;「セキュリティ項目の設定方法」&lt;/a&gt;を参照ください。</description>
        <value/>
        <value selector="win2008-64-custom">0</value>
        <jvndef:display_units>
          <jvndef:unit_replace from="0" to="永久"/>
          <jvndef:description/>
        </jvndef:display_units>
      </Value>
      <Rule id="RuleID53">
        <title>アカウントのロックアウトのしきい値 (Windows 2008/2012 一般レベル)</title>
        <description>このセキュリティ設定は、Windows 2008/2012 ログインの際にログオンできなくなるまでのパスワード入力失敗回数について、アカウントの&lt;br&gt;ロックアウトのしきい値として、指定された回数以内となるようポリシー設定されているかを確認しています（&lt;a href='https://jvndb.jvn.jp/apis/myjvn/cccheck/cce_password.html#myjvnapp03'&gt;「チェック方法の解説」&lt;/a&gt;参照）。</description>
        <reference>A.CCE-1872-1</reference>
        <check system="http://oval.mitre.org/XMLSchema/ovaldefinitions-5">
          <check-export value-id="RuleID53_var" export-name="oval:jp.jvn.jvndb.v1.oval:var:381"/>
          <check-content-ref href="https://jvndb.jvn.jp/myjvn?method=getOvalData&amp;ovalId=oval:jp.jvn.jvndb.v1.oval:def:38" name="oval:jp.jvn.jvndb.v1.oval:def:38"/>
        </check>
        <jvndef:display_units>
          <jvndef:title>アカウントのロックアウトのしきい値</jvndef:title>
          <jvndef:description/>
        </jvndef:display_units>
      </Rule>
      <Rule id="RuleID56">
        <title>ロックアウトカウントのリセット (Windows 2008/2012 一般レベル)</title>
        <description>このセキュリティ設定は、パスワード入力失敗回数のカウンタがロックアウトのしきい値に達した際に、そのカウンタをリセットする&lt;br&gt;までの期間について、指定したリセット時間以上の値となるようポリシー設定されているかを確認しています。&lt;br&gt;アカウント ロックアウトのしきい値を定義している場合は、このリセット時間をロックアウト期間と同じかそれ以下にします（&lt;a href='https://jvndb.jvn.jp/apis/myjvn/cccheck/cce_password.html#myjvnapp03'&gt;「チェック方法の解説」&lt;/a&gt;参照）。</description>
        <reference>A.CCE-2311-9</reference>
        <check system="http://oval.mitre.org/XMLSchema/ovaldefinitions-5">
          <check-export value-id="RuleID56_var" export-name="oval:jp.jvn.jvndb.v1.oval:var:391"/>
          <check-content-ref href="https://jvndb.jvn.jp/myjvn?method=getOvalData&amp;ovalId=oval:jp.jvn.jvndb.v1.oval:def:39" name="oval:jp.jvn.jvndb.v1.oval:def:39"/>
        </check>
        <jvndef:display_units>
          <jvndef:title>ロックアウトカウントのリセット</jvndef:title>
          <jvndef:description/>
        </jvndef:display_units>
      </Rule>
      <Rule id="RuleID59">
        <title>ロックアウト期間 (Windows 2008/2012 一般レベル)</title>
        <description>このセキュリティ設定は、Windows 2008/2012 ログインの際にパスワード入力失敗回数のリセットまでの期間について、ロックアウトされた&lt;br&gt;アカウントが自動的にロック解除されるまでの期間として、指定期間以上となるようポリシー設定されているかを確認しています（&lt;a href='https://jvndb.jvn.jp/apis/myjvn/cccheck/cce_password.html#myjvnapp03'&gt;「チェック方法の解説」&lt;/a&gt;参照）。</description>
        <reference>A.CCE-1317-7</reference>
        <check system="http://oval.mitre.org/XMLSchema/ovaldefinitions-5">
          <check-export value-id="RuleID59_var" export-name="oval:jp.jvn.jvndb.v1.oval:var:401"/>
          <check-content-ref href="https://jvndb.jvn.jp/myjvn?method=getOvalData&amp;ovalId=oval:jp.jvn.jvndb.v1.oval:def:40" name="oval:jp.jvn.jvndb.v1.oval:def:40"/>
        </check>
        <jvndef:display_units>
          <jvndef:title>ロックアウト期間</jvndef:title>
          <jvndef:description/>
        </jvndef:display_units>
      </Rule>
      <Rule id="RuleID122">
        <title>アカウントのロックアウトのしきい値 (Windows 2008/2012 高レベル)</title>
        <description>このセキュリティ設定は、Windows 2008/2012 ログインの際にログオンできなくなるまでのパスワード入力失敗回数について、アカウントの&lt;br&gt;ロックアウトのしきい値として、指定された回数以内となるようポリシー設定されているかを確認しています（&lt;a href='https://jvndb.jvn.jp/apis/myjvn/cccheck/cce_password.html#myjvnapp03'&gt;「チェック方法の解説」&lt;/a&gt;参照）。</description>
        <reference>B.CCE-1872-1</reference>
        <check system="http://oval.mitre.org/XMLSchema/ovaldefinitions-5">
          <check-export value-id="RuleID122_var" export-name="oval:jp.jvn.jvndb.v1.oval:var:381"/>
          <check-content-ref href="https://jvndb.jvn.jp/myjvn?method=getOvalData&amp;ovalId=oval:jp.jvn.jvndb.v1.oval:def:38" name="oval:jp.jvn.jvndb.v1.oval:def:38"/>
        </check>
        <jvndef:display_units>
          <jvndef:title>アカウントのロックアウトのしきい値</jvndef:title>
          <jvndef:description/>
        </jvndef:display_units>
      </Rule>
      <Rule id="RuleID126">
        <title>ロックアウトカウントのリセット (Windows 2008/2012 高レベル)</title>
        <description>このセキュリティ設定は、パスワード入力失敗回数のカウンタがロックアウトのしきい値に達した際に、そのカウンタをリセットする&lt;br&gt;までの期間について、指定したリセット時間以上の値となるようポリシー設定されているかを確認しています。&lt;br&gt;アカウント ロックアウトのしきい値を定義している場合は、このリセット時間をロックアウト期間と同じかそれ以下にします（&lt;a href='https://jvndb.jvn.jp/apis/myjvn/cccheck/cce_password.html#myjvnapp03'&gt;「チェック方法の解説」&lt;/a&gt;参照）。</description>
        <reference>B.CCE-2311-9</reference>
        <check system="http://oval.mitre.org/XMLSchema/ovaldefinitions-5">
          <check-export value-id="RuleID126_var" export-name="oval:jp.jvn.jvndb.v1.oval:var:391"/>
          <check-content-ref href="https://jvndb.jvn.jp/myjvn?method=getOvalData&amp;ovalId=oval:jp.jvn.jvndb.v1.oval:def:39" name="oval:jp.jvn.jvndb.v1.oval:def:39"/>
        </check>
        <jvndef:display_units>
          <jvndef:title>ロックアウトカウントのリセット</jvndef:title>
          <jvndef:description/>
        </jvndef:display_units>
      </Rule>
      <Rule id="RuleID130">
        <title>ロックアウト期間 (Windows 2008/2012 高レベル)</title>
        <description>このセキュリティ設定は、Windows 2008/2012 ログインの際にパスワード入力失敗回数のリセットまでの期間について、ロックアウトされた&lt;br&gt;アカウントが自動的にロック解除されるまでの期間として、指定期間以上となるようポリシー設定されているかを確認しています（&lt;a href='https://jvndb.jvn.jp/apis/myjvn/cccheck/cce_password.html#myjvnapp03'&gt;「チェック方法の解説」&lt;/a&gt;参照）。</description>
        <reference>B.CCE-1317-7</reference>
        <check system="http://oval.mitre.org/XMLSchema/ovaldefinitions-5">
          <check-export value-id="RuleID130_var" export-name="oval:jp.jvn.jvndb.v1.oval:var:401"/>
          <check-content-ref href="https://jvndb.jvn.jp/myjvn?method=getOvalData&amp;ovalId=oval:jp.jvn.jvndb.v1.oval:def:40" name="oval:jp.jvn.jvndb.v1.oval:def:40"/>
        </check>
        <jvndef:display_units>
          <jvndef:title>ロックアウト期間</jvndef:title>
          <jvndef:description/>
        </jvndef:display_units>
      </Rule>
      <Rule id="RuleID123">
        <title>アカウントのロックアウトのしきい値 (Windows 2008/2012 最高レベル)</title>
        <description>このセキュリティ設定は、Windows 2008/2012 ログインの際にログオンできなくなるまでのパスワード入力失敗回数について、アカウントの&lt;br&gt;ロックアウトのしきい値として、指定された回数以内となるようポリシー設定されているかを確認しています（&lt;a href='https://jvndb.jvn.jp/apis/myjvn/cccheck/cce_password.html#myjvnapp03'&gt;「チェック方法の解説」&lt;/a&gt;参照）。</description>
        <reference>C.CCE-1872-1</reference>
        <check system="http://oval.mitre.org/XMLSchema/ovaldefinitions-5">
          <check-export value-id="RuleID123_var" export-name="oval:jp.jvn.jvndb.v1.oval:var:381"/>
          <check-content-ref href="https://jvndb.jvn.jp/myjvn?method=getOvalData&amp;ovalId=oval:jp.jvn.jvndb.v1.oval:def:38" name="oval:jp.jvn.jvndb.v1.oval:def:38"/>
        </check>
        <jvndef:display_units>
          <jvndef:title>アカウントのロックアウトのしきい値</jvndef:title>
          <jvndef:description/>
        </jvndef:display_units>
      </Rule>
      <Rule id="RuleID127">
        <title>ロックアウトカウントのリセット (Windows 2008/2012 最高レベル)</title>
        <description>このセキュリティ設定は、パスワード入力失敗回数のカウンタがロックアウトのしきい値に達した際に、そのカウンタをリセットする&lt;br&gt;までの期間について、指定したリセット時間以上の値となるようポリシー設定されているかを確認しています。&lt;br&gt;アカウント ロックアウトのしきい値を定義している場合は、このリセット時間をロックアウト期間と同じかそれ以下にします（&lt;a href='https://jvndb.jvn.jp/apis/myjvn/cccheck/cce_password.html#myjvnapp03'&gt;「チェック方法の解説」&lt;/a&gt;参照）。</description>
        <reference>C.CCE-2311-9</reference>
        <check system="http://oval.mitre.org/XMLSchema/ovaldefinitions-5">
          <check-export value-id="RuleID127_var" export-name="oval:jp.jvn.jvndb.v1.oval:var:391"/>
          <check-content-ref href="https://jvndb.jvn.jp/myjvn?method=getOvalData&amp;ovalId=oval:jp.jvn.jvndb.v1.oval:def:39" name="oval:jp.jvn.jvndb.v1.oval:def:39"/>
        </check>
        <jvndef:display_units>
          <jvndef:title>ロックアウトカウントのリセット</jvndef:title>
          <jvndef:description/>
        </jvndef:display_units>
      </Rule>
      <Rule id="RuleID131">
        <title>ロックアウト期間 (Windows 2008/2012 最高レベル)</title>
        <description>このセキュリティ設定は、Windows 2008/2012 ログインの際にパスワード入力失敗回数のリセットまでの期間について、ロックアウトされた&lt;br&gt;アカウントが自動的にロック解除されるまでの期間として、指定期間以上となるようポリシー設定されているかを確認しています（&lt;a href='https://jvndb.jvn.jp/apis/myjvn/cccheck/cce_password.html#myjvnapp03'&gt;「チェック方法の解説」&lt;/a&gt;参照）。</description>
        <reference>C.CCE-1317-7</reference>
        <check system="http://oval.mitre.org/XMLSchema/ovaldefinitions-5">
          <check-export value-id="RuleID131_var" export-name="oval:jp.jvn.jvndb.v1.oval:var:401"/>
          <check-content-ref href="https://jvndb.jvn.jp/myjvn?method=getOvalData&amp;ovalId=oval:jp.jvn.jvndb.v1.oval:def:40" name="oval:jp.jvn.jvndb.v1.oval:def:40"/>
        </check>
        <jvndef:display_units>
          <jvndef:title>ロックアウト期間</jvndef:title>
          <jvndef:description/>
        </jvndef:display_units>
      </Rule>
    </Group>
    <Group id="GroupID3">
      <title>スクリーンセーバー設定</title>
      <description>スクリーンセーバー設定</description>
      <Value id="RuleID62_var" type="number" operator="less than or equal">
        <title>スクリーンセーバーのタイムアウト (Windows 2008 一般レベル)</title>
        <description>チェック結果は「参考値を満たしていません」となっています。&lt;br&gt;PC設定値を変更したい場合には、&lt;a href='https://jvndb.jvn.jp/apis/myjvn/cccheck/cce_password.html#faq2006'&gt;「セキュリティ項目の設定方法」&lt;/a&gt;を参照ください。</description>
        <value/>
        <value selector="win2008-64-custom">900</value>
        <jvndef:display_units>
          <jvndef:unit_time from="second" to="minute" unit="分以下"/>
          <jvndef:description/>
        </jvndef:display_units>
      </Value>
      <Value id="RuleID65_var" type="string" operator="equals">
        <title>パスワード付きスクリーンセーバーの有無 (Windows 2008 一般レベル)</title>
        <description>チェック結果は「参考値を満たしていません」となっています。&lt;br&gt;PC設定値を変更したい場合には、&lt;a href='https://jvndb.jvn.jp/apis/myjvn/cccheck/cce_password.html#faq2006'&gt;「セキュリティ項目の設定方法」&lt;/a&gt;を参照ください。</description>
        <value/>
        <value selector="win2008-64-custom">1</value>
        <jvndef:display_units>
          <jvndef:unit_replace from="1" to="有効"/>
          <jvndef:unit_replace from="0" to="無効"/>
          <jvndef:description/>
        </jvndef:display_units>
      </Value>
      <Value id="RuleID134_var" type="number" operator="less than or equal">
        <title>スクリーンセーバーのタイムアウト (Windows 2008 高レベル)</title>
        <description>チェック結果は「参考値を満たしていません」となっています。&lt;br&gt;PC設定値を変更したい場合には、&lt;a href='https://jvndb.jvn.jp/apis/myjvn/cccheck/cce_password.html#faq2006'&gt;「セキュリティ項目の設定方法」&lt;/a&gt;を参照ください。</description>
        <value/>
        <value selector="win2008-64-custom">900</value>
        <jvndef:display_units>
          <jvndef:unit_time from="second" to="minute" unit="分以下"/>
          <jvndef:description/>
        </jvndef:display_units>
      </Value>
      <Value id="RuleID138_var" type="string" operator="equals">
        <title>パスワード付きスクリーンセーバーの有無 (Windows 2008 高レベル)</title>
        <description>チェック結果は「参考値を満たしていません」となっています。&lt;br&gt;PC設定値を変更したい場合には、&lt;a href='https://jvndb.jvn.jp/apis/myjvn/cccheck/cce_password.html#faq2006'&gt;「セキュリティ項目の設定方法」&lt;/a&gt;を参照ください。</description>
        <value/>
        <value selector="win2008-64-custom">1</value>
        <jvndef:display_units>
          <jvndef:unit_replace from="1" to="有効"/>
          <jvndef:unit_replace from="0" to="無効"/>
          <jvndef:description/>
        </jvndef:display_units>
      </Value>
      <Value id="RuleID135_var" type="number" operator="less than or equal">
        <title>スクリーンセーバーのタイムアウト (Windows 2008 最高レベル)</title>
        <description>チェック結果は「参考値を満たしていません」となっています。&lt;br&gt;PC設定値を変更したい場合には、&lt;a href='https://jvndb.jvn.jp/apis/myjvn/cccheck/cce_password.html#faq2006'&gt;「セキュリティ項目の設定方法」&lt;/a&gt;を参照ください。</description>
        <value/>
        <value selector="win2008-64-custom">900</value>
        <jvndef:display_units>
          <jvndef:unit_time from="second" to="minute" unit="分以下"/>
          <jvndef:description/>
        </jvndef:display_units>
      </Value>
      <Value id="RuleID139_var" type="string" operator="equals">
        <title>パスワード付きスクリーンセーバーの有無 (Windows 2008 最高レベル)</title>
        <description>チェック結果は「参考値を満たしていません」となっています。&lt;br&gt;PC設定値を変更したい場合には、&lt;a href='https://jvndb.jvn.jp/apis/myjvn/cccheck/cce_password.html#faq2006'&gt;「セキュリティ項目の設定方法」&lt;/a&gt;を参照ください。</description>
        <value/>
        <value selector="win2008-64-custom">1</value>
        <jvndef:display_units>
          <jvndef:unit_replace from="1" to="有効"/>
          <jvndef:unit_replace from="0" to="無効"/>
          <jvndef:description/>
        </jvndef:display_units>
      </Value>
      <Rule id="RuleID62">
        <title>スクリーンセーバーのタイムアウト (Windows 2008/2012 一般レベル)</title>
        <description>このセキュリティ設定は、スクリーンセーバーが起動するまでの時間として指定された時間以内に設定されているかを確認しています（&lt;a href='https://jvndb.jvn.jp/apis/myjvn/cccheck/cce_password.html#myjvnapp03'&gt;「チェック方法の解説」&lt;/a&gt;参照）。</description>
        <reference>A.CCE-3764-8</reference>
        <check system="http://oval.mitre.org/XMLSchema/ovaldefinitions-5">
          <check-export value-id="RuleID62_var" export-name="oval:jp.jvn.jvndb.v1.oval:var:411"/>
          <check-content-ref href="https://jvndb.jvn.jp/myjvn?method=getOvalData&amp;ovalId=oval:jp.jvn.jvndb.v1.oval:def:41" name="oval:jp.jvn.jvndb.v1.oval:def:41"/>
        </check>
        <jvndef:display_units>
          <jvndef:title>スクリーンセーバーのタイムアウト</jvndef:title>
          <jvndef:description/>
        </jvndef:display_units>
      </Rule>
      <Rule id="RuleID65">
        <title>パスワード付きスクリーンセーバーの有無 (Windows 2008/2012 一般レベル)</title>
        <description>このセキュリティ設定は、スクリーンセーバー復帰時に、Windows 2008/2012 ログインのパスワードを入力させるよう設定されているかを&lt;br&gt;確認しています（&lt;a href='https://jvndb.jvn.jp/apis/myjvn/cccheck/cce_password.html#myjvnapp03'&gt;「チェック方法の解説」&lt;/a&gt;参照）。</description>
        <reference>A.CCE-3182-3</reference>
        <check system="http://oval.mitre.org/XMLSchema/ovaldefinitions-5">
          <check-export value-id="RuleID65_var" export-name="oval:jp.jvn.jvndb.v1.oval:var:421"/>
          <check-content-ref href="https://jvndb.jvn.jp/myjvn?method=getOvalData&amp;ovalId=oval:jp.jvn.jvndb.v1.oval:def:42" name="oval:jp.jvn.jvndb.v1.oval:def:42"/>
        </check>
        <jvndef:display_units>
          <jvndef:title>パスワード付きスクリーンセーバーの有無</jvndef:title>
          <jvndef:description/>
        </jvndef:display_units>
      </Rule>
      <Rule id="RuleID134">
        <title>スクリーンセーバーのタイムアウト (Windows 2008/2012 高レベル)</title>
        <description>このセキュリティ設定は、スクリーンセーバーが起動するまでの時間として指定された時間以内に設定されているかを確認しています（&lt;a href='https://jvndb.jvn.jp/apis/myjvn/cccheck/cce_password.html#myjvnapp03'&gt;「チェック方法の解説」&lt;/a&gt;参照）。</description>
        <reference>B.CCE-3764-8</reference>
        <check system="http://oval.mitre.org/XMLSchema/ovaldefinitions-5">
          <check-export value-id="RuleID134_var" export-name="oval:jp.jvn.jvndb.v1.oval:var:411"/>
          <check-content-ref href="https://jvndb.jvn.jp/myjvn?method=getOvalData&amp;ovalId=oval:jp.jvn.jvndb.v1.oval:def:41" name="oval:jp.jvn.jvndb.v1.oval:def:41"/>
        </check>
        <jvndef:display_units>
          <jvndef:title>スクリーンセーバーのタイムアウト</jvndef:title>
          <jvndef:description/>
        </jvndef:display_units>
      </Rule>
      <Rule id="RuleID138">
        <title>パスワード付きスクリーンセーバーの有無 (Windows 2008/2012 高レベル)</title>
        <description>このセキュリティ設定は、スクリーンセーバー復帰時に、Windows 2008/2012 ログインのパスワードを入力させるよう設定されているかを&lt;br&gt;確認しています（&lt;a href='https://jvndb.jvn.jp/apis/myjvn/cccheck/cce_password.html#myjvnapp03'&gt;「チェック方法の解説」&lt;/a&gt;参照）。</description>
        <reference>B.CCE-3182-3</reference>
        <check system="http://oval.mitre.org/XMLSchema/ovaldefinitions-5">
          <check-export value-id="RuleID138_var" export-name="oval:jp.jvn.jvndb.v1.oval:var:421"/>
          <check-content-ref href="https://jvndb.jvn.jp/myjvn?method=getOvalData&amp;ovalId=oval:jp.jvn.jvndb.v1.oval:def:42" name="oval:jp.jvn.jvndb.v1.oval:def:42"/>
        </check>
        <jvndef:display_units>
          <jvndef:title>パスワード付きスクリーンセーバーの有無</jvndef:title>
          <jvndef:description/>
        </jvndef:display_units>
      </Rule>
      <Rule id="RuleID135">
        <title>スクリーンセーバーのタイムアウト (Windows 2008/2012 最高レベル)</title>
        <description>このセキュリティ設定は、スクリーンセーバーが起動するまでの時間として指定された時間以内に設定されているかを確認しています（&lt;a href='https://jvndb.jvn.jp/apis/myjvn/cccheck/cce_password.html#myjvnapp03'&gt;「チェック方法の解説」&lt;/a&gt;参照）。</description>
        <reference>C.CCE-3764-8</reference>
        <check system="http://oval.mitre.org/XMLSchema/ovaldefinitions-5">
          <check-export value-id="RuleID135_var" export-name="oval:jp.jvn.jvndb.v1.oval:var:411"/>
          <check-content-ref href="https://jvndb.jvn.jp/myjvn?method=getOvalData&amp;ovalId=oval:jp.jvn.jvndb.v1.oval:def:41" name="oval:jp.jvn.jvndb.v1.oval:def:41"/>
        </check>
        <jvndef:display_units>
          <jvndef:title>スクリーンセーバーのタイムアウト</jvndef:title>
          <jvndef:description/>
        </jvndef:display_units>
      </Rule>
      <Rule id="RuleID139">
        <title>パスワード付きスクリーンセーバーの有無 (Windows 2008/2012 最高レベル)</title>
        <description>このセキュリティ設定は、スクリーンセーバー復帰時に、Windows 2008/2012 ログインのパスワードを入力させるよう設定されているかを&lt;br&gt;確認しています（&lt;a href='https://jvndb.jvn.jp/apis/myjvn/cccheck/cce_password.html#myjvnapp03'&gt;「チェック方法の解説」&lt;/a&gt;参照）。</description>
        <reference>C.CCE-3182-3</reference>
        <check system="http://oval.mitre.org/XMLSchema/ovaldefinitions-5">
          <check-export value-id="RuleID139_var" export-name="oval:jp.jvn.jvndb.v1.oval:var:421"/>
          <check-content-ref href="https://jvndb.jvn.jp/myjvn?method=getOvalData&amp;ovalId=oval:jp.jvn.jvndb.v1.oval:def:42" name="oval:jp.jvn.jvndb.v1.oval:def:42"/>
        </check>
        <jvndef:display_units>
          <jvndef:title>パスワード付きスクリーンセーバーの有無</jvndef:title>
          <jvndef:description/>
        </jvndef:display_units>
      </Rule>
    </Group>
    <Group id="GroupID4">
      <title>USBデバイス</title>
      <description>USBデバイス</description>
      <Value id="RuleID142_var" type="string" operator="equals">
        <title>USBデバイス自動起動の有無 (Windows 2008 一般レベル)</title>
        <description>チェック結果は「参考値を満たしていません」となっています。&lt;br&gt;PC設定値を変更したい場合には、&lt;a href='https://jvndb.jvn.jp/apis/myjvn/cccheck/cce_password.html#faq2006'&gt;「セキュリティ項目の設定方法」&lt;/a&gt;を参照ください。</description>
        <value/>
        <value selector="win2008-64-custom">255</value>
        <jvndef:display_units>
          <jvndef:unit_and operand="4" trueresult="無効" falseresult="有効"/>
          <jvndef:description/>
        </jvndef:display_units>
      </Value>
      <Value id="RuleID143_var" type="string" operator="equals">
        <title>USBデバイス自動起動の有無 (Windows 2008 高レベル)</title>
        <description>チェック結果は「参考値を満たしていません」となっています。&lt;br&gt;PC設定値を変更したい場合には、&lt;a href='https://jvndb.jvn.jp/apis/myjvn/cccheck/cce_password.html#faq2006'&gt;「セキュリティ項目の設定方法」&lt;/a&gt;を参照ください。</description>
        <value/>
        <value selector="win2008-64-custom">255</value>
        <jvndef:display_units>
          <jvndef:unit_and operand="4" trueresult="無効" falseresult="有効"/>
          <jvndef:description/>
        </jvndef:display_units>
      </Value>
      <Value id="RuleID144_var" type="string" operator="equals">
        <title>USBデバイス自動起動の有無 (Windows 2008 最高レベル)</title>
        <description>チェック結果は「参考値を満たしていません」となっています。&lt;br&gt;PC設定値を変更したい場合には、&lt;a href='https://jvndb.jvn.jp/apis/myjvn/cccheck/cce_password.html#faq2006'&gt;「セキュリティ項目の設定方法」&lt;/a&gt;を参照ください。</description>
        <value/>
        <value selector="win2008-64-custom">255</value>
        <jvndef:display_units>
          <jvndef:unit_and operand="4" trueresult="無効" falseresult="有効"/>
          <jvndef:description/>
        </jvndef:display_units>
      </Value>
      <Rule id="RuleID142">
        <title>USBデバイス自動起動の有無 (Windows 2008/2012 一般レベル)</title>
        <description>このセキュリティ設定は、自動実行をオンにすると、USBメモリをコンピュータに挿入した際に、メモリの内容に従った処理が自動実行されます。&lt;br&gt;自動実行をオフにすると、USBメモリをコンピュータに挿入しても、自動的には実行されなくなります。</description>
        <reference>A.CCE-8634-8</reference>
        <check system="http://oval.mitre.org/XMLSchema/ovaldefinitions-5">
          <check-export value-id="RuleID142_var" export-name="oval:jp.jvn.jvndb.v1.oval:var:431"/>
          <check-content-ref href="https://jvndb.jvn.jp/myjvn?method=getOvalData&amp;ovalId=oval:jp.jvn.jvndb.v1.oval:def:43" name="oval:jp.jvn.jvndb.v1.oval:def:43"/>
        </check>
        <jvndef:display_units>
          <jvndef:title>USBデバイス自動起動の有無</jvndef:title>
          <jvndef:description/>
        </jvndef:display_units>
      </Rule>
      <Rule id="RuleID143">
        <title>USBデバイス自動起動の有無 (Windows 2008/2012 高レベル)</title>
        <description>このセキュリティ設定は、自動実行をオンにすると、USBメモリをコンピュータに挿入した際に、メモリの内容に従った処理が自動実行されます。&lt;br&gt;自動実行をオフにすると、USBメモリをコンピュータに挿入しても、自動的には実行されなくなります。</description>
        <reference>B.CCE-8634-8</reference>
        <check system="http://oval.mitre.org/XMLSchema/ovaldefinitions-5">
          <check-export value-id="RuleID143_var" export-name="oval:jp.jvn.jvndb.v1.oval:var:431"/>
          <check-content-ref href="https://jvndb.jvn.jp/myjvn?method=getOvalData&amp;ovalId=oval:jp.jvn.jvndb.v1.oval:def:43" name="oval:jp.jvn.jvndb.v1.oval:def:43"/>
        </check>
        <jvndef:display_units>
          <jvndef:title>USBデバイス自動起動の有無</jvndef:title>
          <jvndef:description/>
        </jvndef:display_units>
      </Rule>
      <Rule id="RuleID144">
        <title>USBデバイス自動起動の有無 (Windows 2008/2012 最高レベル)</title>
        <description>このセキュリティ設定は、自動実行をオンにすると、USBメモリをコンピュータに挿入した際に、メモリの内容に従った処理が自動実行されます。&lt;br&gt;自動実行をオフにすると、USBメモリをコンピュータに挿入しても、自動的には実行されなくなります。</description>
        <reference>C.CCE-8634-8</reference>
        <check system="http://oval.mitre.org/XMLSchema/ovaldefinitions-5">
          <check-export value-id="RuleID144_var" export-name="oval:jp.jvn.jvndb.v1.oval:var:431"/>
          <check-content-ref href="https://jvndb.jvn.jp/myjvn?method=getOvalData&amp;ovalId=oval:jp.jvn.jvndb.v1.oval:def:43" name="oval:jp.jvn.jvndb.v1.oval:def:43"/>
        </check>
        <jvndef:display_units>
          <jvndef:title>USBデバイス自動起動の有無</jvndef:title>
          <jvndef:description/>
        </jvndef:display_units>
      </Rule>
    </Group>
    <Group id="versioncheck">
      <title>バージョンチェック</title>
      <description>バージョンチェック</description>
      <Value id="Apache_HTTP_Server-win_var" type="string" operator="equals">
        <title>Apache HTTP Server-win</title>
        <description>Apache HTTP Server-win</description>
        <value/>
        <value selector="win2008-64-custom">Apache HTTP Server-win</value>
      </Value>
      <Value id="Apache_Tomcat-win-64_var" type="string" operator="equals">
        <title>Apache Tomcat-win-64</title>
        <description>Apache Tomcat-win-64</description>
        <value/>
        <value selector="win2008-64-custom">Apache Tomcat-win-64</value>
      </Value>
      <Value id="BIND-win-64_var" type="string" operator="equals">
        <title>BIND-win-64</title>
        <description>BIND-win-64</description>
        <value/>
        <value selector="win2008-64-custom">BIND-win-64</value>
      </Value>
      <Value id="JRE1.6-win-64_var" type="string" operator="equals">
        <title>JRE1.6-win-64</title>
        <description>JRE1.6-win-64</description>
        <value/>
        <value selector="win2008-64-custom">JRE1.6-win-64</value>
      </Value>
      <Value id="OpenSSL-win-64_var" type="string" operator="equals">
        <title>OpenSSL-win-64</title>
        <description>OpenSSL-win-64</description>
        <value/>
        <value selector="win2008-64-custom">OpenSSL-win-64</value>
      </Value>
      <Rule id="Apache_HTTP_Server-win">
        <title>Apache HTTP Server-win</title>
        <description>Apache HTTP Server-win</description>
        <reference/>
        <check system="http://oval.mitre.org/XMLSchema/ovaldefinitions-5">
          <check-export value-id="Apache_HTTP_Server-win_var" export-name="oval:jp.jvn.jvndb.v1.oval:var:1241"/>
          <check-content-ref href="https://jvndb.jvn.jp/myjvn?method=getOvalData&amp;ovalId=oval:jp.jvn.jvndb.v1.oval:def:124" name="oval:jp.jvn.jvndb.v1.oval:def:124"/>
        </check>
        <jvndef:display_units>
          <jvndef:title>Apache HTTP Server</jvndef:title>
          <jvndef:description/>
        </jvndef:display_units>
        <jvndef:display_policy type="0"/>
        <jvndef:display_detail type="1"/>
      </Rule>
      <Rule id="Apache_Tomcat-win-64">
        <title>Apache Tomcat-win-64</title>
        <description>Apache Tomcat-win-64</description>
        <reference/>
        <check system="http://oval.mitre.org/XMLSchema/ovaldefinitions-5">
          <check-export value-id="Apache_Tomcat-win-64_var" export-name="oval:jp.jvn.jvndb.v1.oval:var:1901"/>
          <check-content-ref href="https://jvndb.jvn.jp/myjvn?method=getOvalData&amp;ovalId=oval:jp.jvn.jvndb.v1.oval:def:190" name="oval:jp.jvn.jvndb.v1.oval:def:190"/>
        </check>
        <jvndef:display_units>
          <jvndef:title>Apache Tomcat</jvndef:title>
          <jvndef:description/>
        </jvndef:display_units>
        <jvndef:display_policy type="0"/>
        <jvndef:display_detail type="0"/>
      </Rule>
      <Rule id="BIND-win-64">
        <title>BIND-win-64</title>
        <description>BIND-win-64</description>
        <reference/>
        <check system="http://oval.mitre.org/XMLSchema/ovaldefinitions-5">
          <check-export value-id="BIND-win-64_var" export-name="oval:jp.jvn.jvndb.v1.oval:var:1421"/>
          <check-content-ref href="https://jvndb.jvn.jp/myjvn?method=getOvalData&amp;ovalId=oval:jp.jvn.jvndb.v1.oval:def:142" name="oval:jp.jvn.jvndb.v1.oval:def:142"/>
        </check>
        <jvndef:display_units>
          <jvndef:title>BIND</jvndef:title>
          <jvndef:description/>
        </jvndef:display_units>
        <jvndef:display_policy type="0"/>
        <jvndef:display_detail type="1"/>
      </Rule>
      <Rule id="JRE1.6-win-64">
        <title>JRE1.6-win-64</title>
        <description>JRE1.6-win-64</description>
        <reference/>
        <check system="http://oval.mitre.org/XMLSchema/ovaldefinitions-5">
          <check-export value-id="JRE1.6-win-64_var" export-name="oval:jp.jvn.jvndb.v1.oval:var:1871"/>
          <check-content-ref href="https://jvndb.jvn.jp/myjvn?method=getOvalData&amp;ovalId=oval:jp.jvn.jvndb.v1.oval:def:187" name="oval:jp.jvn.jvndb.v1.oval:def:187"/>
        </check>
        <jvndef:display_units>
          <jvndef:title>JRE</jvndef:title>
          <jvndef:description/>
        </jvndef:display_units>
        <jvndef:display_policy type="1"/>
        <jvndef:display_detail type="0"/>
      </Rule>
      <Rule id="OpenSSL-win-64">
        <title>OpenSSL-win-64</title>
        <description>OpenSSL Version Check</description>
        <reference/>
        <check system="http://oval.mitre.org/XMLSchema/ovaldefinitions-5">
          <check-export value-id="OpenSSL-win-64_var" export-name="oval:jp.jvn.jvndb.v1.oval:var:1641"/>
          <check-content-ref href="https://jvndb.jvn.jp/myjvn?method=getOvalData&amp;ovalId=oval:jp.jvn.jvndb.v1.oval:def:164" name="oval:jp.jvn.jvndb.v1.oval:def:164"/>
        </check>
        <jvndef:display_units>
          <jvndef:title>OpenSSL</jvndef:title>
          <jvndef:description/>
        </jvndef:display_units>
        <jvndef:display_policy type="1"/>
        <jvndef:display_detail type="0"/>
      </Rule>
    </Group>
  </Benchmark>
