<?xml version="1.0" encoding="UTF-8" ?>
   <Benchmark id="win2003-64-vc" xml:lang="jp" xmlns:xsi="http://www.w3.org/2001/XMLSchema-instance" xmlns="http://checklists.nist.gov/xccdf/1.1" xmlns:cdf="http://checklists.nist.gov/xccdf/1.1" xmlns:cpe="http://cpe.mitre.org/XMLSchema/cpe/1.0" xmlns:dc="http://purl.org/dc/elements/1.1/" xmlns:dsig="http://www.w3.org/2000/09/xmldsig#" xmlns:xhtml="http://www.w3.org/1999/xhtml" xmlns:jvndef="http://jvndb.jvn.jp/myjvn/jvndefinitions" xsi:schemaLocation="http://checklists.nist.gov/xccdf/1.1 https://jvndb.jvn.jp/schema/xccdf-1.1.4.xsd http://jvndb.jvn.jp/myjvn/jvndefinitions https://jvndb.jvn.jp/schema/jvndefinitions_0.2.xsd">
    <status date="2014-05-02">draft</status>
    <title>参考値</title>
    <description>Windows systems</description>
    <reference href="https://jvndb.jvn.jp/ja/apis/myjvn/">
      <dc:title>Windows チェックリスト</dc:title>
      <dc:creator>セキュリティ部</dc:creator>
      <dc:publisher>Information Promotion Agency, Japan</dc:publisher>
      <dc:identifier>https://jvndb.jvn.jp/ja/apis/myjvn/</dc:identifier>
    </reference>
    <version>1.0</version>
    <Profile id="win2003-64-vc">
      <title>参考値</title>
      <description>Windows systems</description>
      <select idref="Apache_HTTP_Server-win" selected="1"/>
      <select idref="Apache_Tomcat-win-64" selected="1"/>
      <select idref="BIND-win-64" selected="1"/>
      <select idref="JRE1.6-win-64" selected="1"/>
      <select idref="OpenSSL-win-64" selected="1"/>
      <refine-value idref="Apache_HTTP_Server-win_var"/>
      <refine-value idref="Apache_Tomcat-win-64_var"/>
      <refine-value idref="BIND-win-64_var"/>
      <refine-value idref="JRE1.6-win-64_var"/>
      <refine-value idref="OpenSSL-win-64_var"/>
    </Profile>
    <Group id="versioncheck">
      <title>バージョンチェック</title>
      <description>バージョンチェック</description>
      <Value id="Apache_HTTP_Server-win_var" type="string" operator="equals">
        <title>Apache HTTP Server-win</title>
        <description>Apache HTTP Server-win</description>
        <value/>
        <value selector="win2003-64-vc">Apache HTTP Server-win</value>
      </Value>
      <Value id="Apache_Tomcat-win-64_var" type="string" operator="equals">
        <title>Apache Tomcat-win-64</title>
        <description>Apache Tomcat-win-64</description>
        <value/>
        <value selector="win2003-64-vc">Apache Tomcat-win-64</value>
      </Value>
      <Value id="BIND-win-64_var" type="string" operator="equals">
        <title>BIND-win-64</title>
        <description>BIND-win-64</description>
        <value/>
        <value selector="win2003-64-vc">BIND-win-64</value>
      </Value>
      <Value id="JRE1.6-win-64_var" type="string" operator="equals">
        <title>JRE1.6-win-64</title>
        <description>JRE1.6-win-64</description>
        <value/>
        <value selector="win2003-64-vc">JRE1.6-win-64</value>
      </Value>
      <Value id="OpenSSL-win-64_var" type="string" operator="equals">
        <title>OpenSSL-win-64</title>
        <description>OpenSSL-win-64</description>
        <value/>
        <value selector="win2003-64-vc">OpenSSL-win-64</value>
      </Value>
      <Rule id="Apache_HTTP_Server-win">
        <title>Apache HTTP Server-win</title>
        <description>Apache HTTP Server-win</description>
        <reference/>
        <check system="http://oval.mitre.org/XMLSchema/ovaldefinitions-5">
          <check-export value-id="Apache_HTTP_Server-win_var" export-name="oval:jp.jvn.jvndb.v1.oval:var:1241"/>
          <check-content-ref href="https://jvndb.jvn.jp/myjvn?method=getOvalData&amp;ovalId=oval:jp.jvn.jvndb.v1.oval:def:124" name="oval:jp.jvn.jvndb.v1.oval:def:124"/>
        </check>
        <jvndef:display_units>
          <jvndef:title>Apache HTTP Server</jvndef:title>
          <jvndef:description/>
        </jvndef:display_units>
        <jvndef:display_policy type="0"/>
        <jvndef:display_detail type="1"/>
      </Rule>
      <Rule id="Apache_Tomcat-win-64">
        <title>Apache Tomcat-win-64</title>
        <description>Apache Tomcat-win-64</description>
        <reference/>
        <check system="http://oval.mitre.org/XMLSchema/ovaldefinitions-5">
          <check-export value-id="Apache_Tomcat-win-64_var" export-name="oval:jp.jvn.jvndb.v1.oval:var:1901"/>
          <check-content-ref href="https://jvndb.jvn.jp/myjvn?method=getOvalData&amp;ovalId=oval:jp.jvn.jvndb.v1.oval:def:190" name="oval:jp.jvn.jvndb.v1.oval:def:190"/>
        </check>
        <jvndef:display_units>
          <jvndef:title>Apache Tomcat</jvndef:title>
          <jvndef:description/>
        </jvndef:display_units>
        <jvndef:display_policy type="0"/>
        <jvndef:display_detail type="0"/>
      </Rule>
      <Rule id="BIND-win-64">
        <title>BIND-win-64</title>
        <description>BIND-win-64</description>
        <reference/>
        <check system="http://oval.mitre.org/XMLSchema/ovaldefinitions-5">
          <check-export value-id="BIND-win-64_var" export-name="oval:jp.jvn.jvndb.v1.oval:var:1421"/>
          <check-content-ref href="https://jvndb.jvn.jp/myjvn?method=getOvalData&amp;ovalId=oval:jp.jvn.jvndb.v1.oval:def:142" name="oval:jp.jvn.jvndb.v1.oval:def:142"/>
        </check>
        <jvndef:display_units>
          <jvndef:title>BIND</jvndef:title>
          <jvndef:description/>
        </jvndef:display_units>
        <jvndef:display_policy type="1"/>
        <jvndef:display_detail type="1"/>
      </Rule>
      <Rule id="JRE1.6-win-64">
        <title>JRE1.6-win-64</title>
        <description>JRE1.6-win-64</description>
        <reference/>
        <check system="http://oval.mitre.org/XMLSchema/ovaldefinitions-5">
          <check-export value-id="JRE1.6-win-64_var" export-name="oval:jp.jvn.jvndb.v1.oval:var:1871"/>
          <check-content-ref href="https://jvndb.jvn.jp/myjvn?method=getOvalData&amp;ovalId=oval:jp.jvn.jvndb.v1.oval:def:187" name="oval:jp.jvn.jvndb.v1.oval:def:187"/>
        </check>
        <jvndef:display_units>
          <jvndef:title>JRE</jvndef:title>
          <jvndef:description/>
        </jvndef:display_units>
        <jvndef:display_policy type="1"/>
        <jvndef:display_detail type="0"/>
      </Rule>
      <Rule id="OpenSSL-win-64">
        <title>OpenSSL-win-64</title>
        <description>OpenSSL Version Check</description>
        <reference/>
        <check system="http://oval.mitre.org/XMLSchema/ovaldefinitions-5">
          <check-export value-id="OpenSSL-win-64_var" export-name="oval:jp.jvn.jvndb.v1.oval:var:1641"/>
          <check-content-ref href="https://jvndb.jvn.jp/myjvn?method=getOvalData&amp;ovalId=oval:jp.jvn.jvndb.v1.oval:def:164" name="oval:jp.jvn.jvndb.v1.oval:def:164"/>
        </check>
        <jvndef:display_units>
          <jvndef:title>OpenSSL</jvndef:title>
          <jvndef:description/>
        </jvndef:display_units>
        <jvndef:display_policy type="1"/>
        <jvndef:display_detail type="0"/>
      </Rule>
    </Group>
  </Benchmark>
