<?xml version="1.0" encoding="UTF-8" ?>
   <Benchmark id="win7-32-custom" xml:lang="jp" xmlns:xsi="http://www.w3.org/2001/XMLSchema-instance" xmlns="http://checklists.nist.gov/xccdf/1.1" xmlns:cdf="http://checklists.nist.gov/xccdf/1.1" xmlns:cpe="http://cpe.mitre.org/XMLSchema/cpe/1.0" xmlns:dc="http://purl.org/dc/elements/1.1/" xmlns:dsig="http://www.w3.org/2000/09/xmldsig#" xmlns:xhtml="http://www.w3.org/1999/xhtml" xmlns:jvndef="http://jvndb.jvn.jp/myjvn/jvndefinitions" xsi:schemaLocation="http://checklists.nist.gov/xccdf/1.1 https://jvndb.jvn.jp/schema/xccdf-1.1.4.xsd http://jvndb.jvn.jp/myjvn/jvndefinitions https://jvndb.jvn.jp/schema/jvndefinitions_0.2.xsd">
    <status date="2018-08-21">draft</status>
    <title>参考値</title>
    <description>Windows systems</description>
    <reference href="https://jvndb.jvn.jp/ja/apis/myjvn/">
      <dc:title>Windows チェックリスト</dc:title>
      <dc:creator>セキュリティ部</dc:creator>
      <dc:publisher>Information Promotion Agency, Japan</dc:publisher>
      <dc:identifier>https://jvndb.jvn.jp/ja/apis/myjvn/</dc:identifier>
    </reference>
    <version>1.0</version>
    <Profile id="win7-32-custom">
      <title>参考値</title>
      <description>Windows systems</description>
      <select idref="RuleID39" selected="1"/>
      <select idref="RuleID42" selected="1"/>
      <select idref="RuleID45" selected="1"/>
      <select idref="RuleID48" selected="1"/>
      <select idref="RuleID148" selected="1"/>
      <select idref="RuleID154" selected="1"/>
      <select idref="RuleID150" selected="1"/>
      <select idref="RuleID152" selected="1"/>
      <select idref="RuleID149" selected="1"/>
      <select idref="RuleID155" selected="1"/>
      <select idref="RuleID151" selected="1"/>
      <select idref="RuleID153" selected="1"/>
      <select idref="RuleID51" selected="1"/>
      <select idref="RuleID54" selected="1"/>
      <select idref="RuleID57" selected="1"/>
      <select idref="RuleID156" selected="1"/>
      <select idref="RuleID158" selected="1"/>
      <select idref="RuleID160" selected="1"/>
      <select idref="RuleID157" selected="1"/>
      <select idref="RuleID159" selected="1"/>
      <select idref="RuleID161" selected="1"/>
      <select idref="RuleID60" selected="1"/>
      <select idref="RuleID63" selected="1"/>
      <select idref="RuleID162" selected="1"/>
      <select idref="RuleID164" selected="1"/>
      <select idref="RuleID163" selected="1"/>
      <select idref="RuleID165" selected="1"/>
      <select idref="RuleID166" selected="1"/>
      <select idref="RuleID167" selected="1"/>
      <select idref="RuleID168" selected="1"/>
      <select idref="Adobe_Flash_Player__ActiveX_-win" selected="1"/>
      <select idref="Adobe_Flash_Player__Plug-in_-win" selected="1"/>
      <select idref="Adobe_Reader-win-32" selected="1"/>
      <select idref="Becky__Internet_Mailr-win-32" selected="1"/>
      <select idref="Flash_Player" selected="1"/>
      <select idref="GoogleChrome-win-32" selected="1"/>
      <select idref="iTunes-win-32" selected="1"/>
      <select idref="JRE1.6-win-32" selected="1"/>
      <select idref="Lhaplus-win" selected="1"/>
      <select idref="LibreOffice-win-32" selected="1"/>
      <select idref="Lunascape-win" selected="1"/>
      <select idref="Mozilla_Firefox-win" selected="1"/>
      <select idref="Mozilla_Thunderbird-win" selected="1"/>
      <select idref="OpenOffice.org-win-32" selected="1"/>
      <select idref="QuickTime-win-32" selected="1"/>
      <select idref="VMware_Player-win-32" selected="1"/>
      <refine-value idref="RuleID39_var"/>
      <refine-value idref="RuleID42_var"/>
      <refine-value idref="RuleID45_var"/>
      <refine-value idref="RuleID48_var"/>
      <refine-value idref="RuleID148_var"/>
      <refine-value idref="RuleID154_var"/>
      <refine-value idref="RuleID150_var"/>
      <refine-value idref="RuleID152_var"/>
      <refine-value idref="RuleID149_var"/>
      <refine-value idref="RuleID155_var"/>
      <refine-value idref="RuleID151_var"/>
      <refine-value idref="RuleID153_var"/>
      <refine-value idref="RuleID51_var"/>
      <refine-value idref="RuleID54_var"/>
      <refine-value idref="RuleID57_var"/>
      <refine-value idref="RuleID156_var"/>
      <refine-value idref="RuleID158_var"/>
      <refine-value idref="RuleID160_var"/>
      <refine-value idref="RuleID157_var"/>
      <refine-value idref="RuleID159_var"/>
      <refine-value idref="RuleID161_var"/>
      <refine-value idref="RuleID60_var"/>
      <refine-value idref="RuleID63_var"/>
      <refine-value idref="RuleID162_var"/>
      <refine-value idref="RuleID164_var"/>
      <refine-value idref="RuleID163_var"/>
      <refine-value idref="RuleID165_var"/>
      <refine-value idref="RuleID166_var"/>
      <refine-value idref="RuleID167_var"/>
      <refine-value idref="RuleID168_var"/>
      <refine-value idref="Adobe_Flash_Player__ActiveX_-win_var"/>
      <refine-value idref="Adobe_Flash_Player__Plug-in_-win_var"/>
      <refine-value idref="Adobe_Reader-win-32_var"/>
      <refine-value idref="Becky__Internet_Mailr-win-32_var"/>
      <refine-value idref="Flash_Player_var"/>
      <refine-value idref="GoogleChrome-win-32_var"/>
      <refine-value idref="iTunes-win-32_var"/>
      <refine-value idref="JRE1.6-win-32_var"/>
      <refine-value idref="Lhaplus-win_var"/>
      <refine-value idref="LibreOffice-win-32_var"/>
      <refine-value idref="Lunascape-win_var"/>
      <refine-value idref="Mozilla_Firefox-win_var"/>
      <refine-value idref="Mozilla_Thunderbird-win_var"/>
      <refine-value idref="OpenOffice.org-win-32_var"/>
      <refine-value idref="QuickTime-win-32_var"/>
      <refine-value idref="VMware_Player-win-32_var"/>
    </Profile>
    <Group id="GroupID1">
      <title>パスワードポリシー</title>
      <description>パスワードポリシー</description>
      <Value id="RuleID39_var" type="number" operator="greater than or equal">
        <title>パスワードの長さ (Windows 7 一般レベル)</title>
        <description>チェック結果は「参考値を満たしていません」となっています。&lt;br&gt;PC設定値を変更したい場合には、&lt;a href='https://jvndb.jvn.jp/apis/myjvn/cccheck/cce_password.html#faq2004'&gt;「セキュリティ項目の設定方法」&lt;/a&gt;を参照ください。</description>
        <value/>
        <value selector="win7-32-custom">8</value>
        <jvndef:display_units>
          <jvndef:unit_name unit="文字以上"/>
          <jvndef:description/>
        </jvndef:display_units>
      </Value>
      <Value id="RuleID42_var" type="number" operator="greater than or equal">
        <title>パスワードの変更禁止期間 (Windows 7 一般レベル)</title>
        <description>チェック結果は「参考値を満たしていません」となっています。&lt;br&gt;PC設定値を変更したい場合には、&lt;a href='https://jvndb.jvn.jp/apis/myjvn/cccheck/cce_password.html#faq2004'&gt;「セキュリティ項目の設定方法」&lt;/a&gt;を参照ください。</description>
        <value/>
        <value selector="win7-32-custom">1</value>
        <jvndef:display_units>
          <jvndef:unit_time from="day" to="day" unit="日以上"/>
          <jvndef:description/>
        </jvndef:display_units>
      </Value>
      <Value id="RuleID45_var" type="number" operator="less than or equal">
        <title>パスワードの有効期間 (Windows 7 一般レベル)</title>
        <description>チェック結果は「参考値を満たしていません」となっています。&lt;br&gt;PC設定値を変更したい場合には、&lt;a href='https://jvndb.jvn.jp/apis/myjvn/cccheck/cce_password.html#faq2004'&gt;「セキュリティ項目の設定方法」&lt;/a&gt;を参照ください。</description>
        <value/>
        <value selector="win7-32-custom">90</value>
        <jvndef:display_units>
          <jvndef:unit_time from="day" to="day" unit="日以下"/>
          <jvndef:description/>
        </jvndef:display_units>
      </Value>
      <Value id="RuleID48_var" type="number" operator="greater than or equal">
        <title>パスワードの履歴を記録する (Windows 7 一般レベル)</title>
        <description>チェック結果は「参考値を満たしていません」となっています。&lt;br&gt;PC設定値を変更したい場合には、&lt;a href='https://jvndb.jvn.jp/apis/myjvn/cccheck/cce_password.html#faq2004'&gt;「セキュリティ項目の設定方法」&lt;/a&gt;を参照ください。</description>
        <value/>
        <value selector="win7-32-custom">24</value>
        <jvndef:display_units>
          <jvndef:unit_name unit="個以上"/>
          <jvndef:description/>
        </jvndef:display_units>
      </Value>
      <Value id="RuleID148_var" type="number" operator="greater than or equal">
        <title>パスワードの長さ (Windows 7 高レベル)</title>
        <description>チェック結果は「参考値を満たしていません」となっています。&lt;br&gt;PC設定値を変更したい場合には、&lt;a href='https://jvndb.jvn.jp/apis/myjvn/cccheck/cce_password.html#faq2004'&gt;「セキュリティ項目の設定方法」&lt;/a&gt;を参照ください。</description>
        <value/>
        <value selector="win7-32-custom">12</value>
        <jvndef:display_units>
          <jvndef:unit_name unit="文字以上"/>
          <jvndef:description/>
        </jvndef:display_units>
      </Value>
      <Value id="RuleID154_var" type="number" operator="greater than or equal">
        <title>パスワードの変更禁止期間 (Windows 7 高レベル)</title>
        <description>チェック結果は「参考値を満たしていません」となっています。&lt;br&gt;PC設定値を変更したい場合には、&lt;a href='https://jvndb.jvn.jp/apis/myjvn/cccheck/cce_password.html#faq2004'&gt;「セキュリティ項目の設定方法」&lt;/a&gt;を参照ください。</description>
        <value/>
        <value selector="win7-32-custom">1</value>
        <jvndef:display_units>
          <jvndef:unit_time from="day" to="day" unit="日以上"/>
          <jvndef:description/>
        </jvndef:display_units>
      </Value>
      <Value id="RuleID150_var" type="number" operator="less than or equal">
        <title>パスワードの有効期間 (Windows 7 高レベル)</title>
        <description>チェック結果は「参考値を満たしていません」となっています。&lt;br&gt;PC設定値を変更したい場合には、&lt;a href='https://jvndb.jvn.jp/apis/myjvn/cccheck/cce_password.html#faq2004'&gt;「セキュリティ項目の設定方法」&lt;/a&gt;を参照ください。</description>
        <value/>
        <value selector="win7-32-custom">60</value>
        <jvndef:display_units>
          <jvndef:unit_time from="day" to="day" unit="日以下"/>
          <jvndef:description/>
        </jvndef:display_units>
      </Value>
      <Value id="RuleID152_var" type="number" operator="greater than or equal">
        <title>パスワードの履歴を記録する (Windows 7 高レベル)</title>
        <description>チェック結果は「参考値を満たしていません」となっています。&lt;br&gt;PC設定値を変更したい場合には、&lt;a href='https://jvndb.jvn.jp/apis/myjvn/cccheck/cce_password.html#faq2004'&gt;「セキュリティ項目の設定方法」&lt;/a&gt;を参照ください。</description>
        <value/>
        <value selector="win7-32-custom">24</value>
        <jvndef:display_units>
          <jvndef:unit_name unit="個以上"/>
          <jvndef:description/>
        </jvndef:display_units>
      </Value>
      <Value id="RuleID149_var" type="number" operator="greater than or equal">
        <title>パスワードの長さ (Windows 7 最高レベル)</title>
        <description>チェック結果は「参考値を満たしていません」となっています。&lt;br&gt;PC設定値を変更したい場合には、&lt;a href='https://jvndb.jvn.jp/apis/myjvn/cccheck/cce_password.html#faq2004'&gt;「セキュリティ項目の設定方法」&lt;/a&gt;を参照ください。</description>
        <value/>
        <value selector="win7-32-custom">14</value>
        <jvndef:display_units>
          <jvndef:unit_name unit="文字以上"/>
          <jvndef:description/>
        </jvndef:display_units>
      </Value>
      <Value id="RuleID155_var" type="number" operator="greater than or equal">
        <title>パスワードの変更禁止期間 (Windows 7 最高レベル)</title>
        <description>チェック結果は「参考値を満たしていません」となっています。&lt;br&gt;PC設定値を変更したい場合には、&lt;a href='https://jvndb.jvn.jp/apis/myjvn/cccheck/cce_password.html#faq2004'&gt;「セキュリティ項目の設定方法」&lt;/a&gt;を参照ください。</description>
        <value/>
        <value selector="win7-32-custom">1</value>
        <jvndef:display_units>
          <jvndef:unit_time from="day" to="day" unit="日以上"/>
          <jvndef:description/>
        </jvndef:display_units>
      </Value>
      <Value id="RuleID151_var" type="number" operator="less than or equal">
        <title>パスワードの有効期間 (Windows 7 最高レベル)</title>
        <description>チェック結果は「参考値を満たしていません」となっています。&lt;br&gt;PC設定値を変更したい場合には、&lt;a href='https://jvndb.jvn.jp/apis/myjvn/cccheck/cce_password.html#faq2004'&gt;「セキュリティ項目の設定方法」&lt;/a&gt;を参照ください。</description>
        <value/>
        <value selector="win7-32-custom">60</value>
        <jvndef:display_units>
          <jvndef:unit_time from="day" to="day" unit="日以下"/>
          <jvndef:description/>
        </jvndef:display_units>
      </Value>
      <Value id="RuleID153_var" type="number" operator="greater than or equal">
        <title>パスワードの履歴を記録する (Windows 7 高レベル)</title>
        <description>チェック結果は「参考値を満たしていません」となっています。&lt;br&gt;PC設定値を変更したい場合には、&lt;a href='https://jvndb.jvn.jp/apis/myjvn/cccheck/cce_password.html#faq2004'&gt;「セキュリティ項目の設定方法」&lt;/a&gt;を参照ください。</description>
        <value/>
        <value selector="win7-32-custom">24</value>
        <jvndef:display_units>
          <jvndef:unit_name unit="個以上"/>
          <jvndef:description/>
        </jvndef:display_units>
      </Value>
      <Rule id="RuleID39">
        <title>パスワードの長さ (Windows 7 / 8 一般レベル)</title>
        <description>このセキュリティ設定は、ログインの際に使用するパスワードの長さについて、指定された文字数以上のパスワードの長さ&lt;br&gt;のみを受入れるようポリシー設定されているかを確認しています（&lt;a href='https://jvndb.jvn.jp/apis/myjvn/cccheck/cce_password.html#myjvnapp03'&gt;「チェック方法の解説」&lt;/a&gt;参照）。</description>
        <reference>A.CCE-9357-5</reference>
        <check system="http://oval.mitre.org/XMLSchema/ovaldefinitions-5">
          <check-export value-id="RuleID39_var" export-name="oval:jp.jvn.jvndb.v1.oval:var:341"/>
          <check-content-ref href="https://jvndb.jvn.jp/myjvn?method=getOvalData&amp;ovalId=oval:jp.jvn.jvndb.v1.oval:def:34" name="oval:jp.jvn.jvndb.v1.oval:def:34"/>
        </check>
        <jvndef:display_units>
          <jvndef:title>パスワードの長さ</jvndef:title>
          <jvndef:description/>
        </jvndef:display_units>
      </Rule>
      <Rule id="RuleID42">
        <title>パスワードの変更禁止期間 (Windows 7 / 8 一般レベル)</title>
        <description>このセキュリティ設定は、ログインの際に使用するパスワードの変更禁止期間について、指定された日数を下回る期間を&lt;br&gt;受入れないようポリシー設定されているかを確認しています（&lt;a href='https://jvndb.jvn.jp/apis/myjvn/cccheck/cce_password.html#myjvnapp03'&gt;「チェック方法の解説」&lt;/a&gt;参照）。</description>
        <reference>A.CCE-9330-2</reference>
        <check system="http://oval.mitre.org/XMLSchema/ovaldefinitions-5">
          <check-export value-id="RuleID42_var" export-name="oval:jp.jvn.jvndb.v1.oval:var:371"/>
          <check-content-ref href="https://jvndb.jvn.jp/myjvn?method=getOvalData&amp;ovalId=oval:jp.jvn.jvndb.v1.oval:def:37" name="oval:jp.jvn.jvndb.v1.oval:def:37"/>
        </check>
        <jvndef:display_units>
          <jvndef:title>パスワードの変更禁止期間</jvndef:title>
          <jvndef:description/>
        </jvndef:display_units>
      </Rule>
      <Rule id="RuleID45">
        <title>パスワードの有効期間 (Windows 7 / 8 一般レベル)</title>
        <description>このセキュリティ設定は、ログインの際に使用するパスワードの有効期間について、指定された日数を上回る有効期間を&lt;br&gt;受入れないようポリシー設定されているかを確認しています（&lt;a href='https://jvndb.jvn.jp/apis/myjvn/cccheck/cce_password.html#myjvnapp03'&gt;「チェック方法の解説」&lt;/a&gt;参照）。</description>
        <reference>A.CCE-9193-4</reference>
        <check system="http://oval.mitre.org/XMLSchema/ovaldefinitions-5">
          <check-export value-id="RuleID45_var" export-name="oval:jp.jvn.jvndb.v1.oval:var:351"/>
          <check-content-ref href="https://jvndb.jvn.jp/myjvn?method=getOvalData&amp;ovalId=oval:jp.jvn.jvndb.v1.oval:def:35" name="oval:jp.jvn.jvndb.v1.oval:def:35"/>
        </check>
        <jvndef:display_units>
          <jvndef:title>パスワードの有効期間</jvndef:title>
          <jvndef:description/>
        </jvndef:display_units>
      </Rule>
      <Rule id="RuleID48">
        <title>パスワードの履歴を記録する (Windows 7 / 8 一般レベル)</title>
        <description>このセキュリティ設定は、ログインの際に使用するパスワードの履歴管理について、同じパスワードを連続して使えない&lt;br&gt;回数が、指定された回数以上となるようポリシー設定されているかを確認しています（&lt;a href='https://jvndb.jvn.jp/apis/myjvn/cccheck/cce_password.html#myjvnapp03'&gt;「チェック方法の解説」&lt;/a&gt;参照）。</description>
        <reference>A.CCE-8912-8</reference>
        <check system="http://oval.mitre.org/XMLSchema/ovaldefinitions-5">
          <check-export value-id="RuleID48_var" export-name="oval:jp.jvn.jvndb.v1.oval:var:361"/>
          <check-content-ref href="https://jvndb.jvn.jp/myjvn?method=getOvalData&amp;ovalId=oval:jp.jvn.jvndb.v1.oval:def:36" name="oval:jp.jvn.jvndb.v1.oval:def:36"/>
        </check>
        <jvndef:display_units>
          <jvndef:title>パスワードの履歴を記録する</jvndef:title>
          <jvndef:description/>
        </jvndef:display_units>
      </Rule>
      <Rule id="RuleID148">
        <title>パスワードの長さ (Windows 7 / 8 高レベル)</title>
        <description>このセキュリティ設定は、ログインの際に使用するパスワードの長さについて、指定された文字数以上のパスワードの長さ&lt;br&gt;のみを受入れるようポリシー設定されているかを確認しています（&lt;a href='https://jvndb.jvn.jp/apis/myjvn/cccheck/cce_password.html#myjvnapp03'&gt;「チェック方法の解説」&lt;/a&gt;参照）。</description>
        <reference>B.CCE-9357-5</reference>
        <check system="http://oval.mitre.org/XMLSchema/ovaldefinitions-5">
          <check-export value-id="RuleID148_var" export-name="oval:jp.jvn.jvndb.v1.oval:var:341"/>
          <check-content-ref href="https://jvndb.jvn.jp/myjvn?method=getOvalData&amp;ovalId=oval:jp.jvn.jvndb.v1.oval:def:34" name="oval:jp.jvn.jvndb.v1.oval:def:34"/>
        </check>
        <jvndef:display_units>
          <jvndef:title>パスワードの長さ</jvndef:title>
          <jvndef:description/>
        </jvndef:display_units>
      </Rule>
      <Rule id="RuleID154">
        <title>パスワードの変更禁止期間 (Windows 7 / 8 高レベル)</title>
        <description>このセキュリティ設定は、ログインの際に使用するパスワードの変更禁止期間について、指定された日数を下回る期間を&lt;br&gt;受入れないようポリシー設定されているかを確認しています（&lt;a href='https://jvndb.jvn.jp/apis/myjvn/cccheck/cce_password.html#myjvnapp03'&gt;「チェック方法の解説」&lt;/a&gt;参照）。</description>
        <reference>B.CCE-9330-2</reference>
        <check system="http://oval.mitre.org/XMLSchema/ovaldefinitions-5">
          <check-export value-id="RuleID154_var" export-name="oval:jp.jvn.jvndb.v1.oval:var:371"/>
          <check-content-ref href="https://jvndb.jvn.jp/myjvn?method=getOvalData&amp;ovalId=oval:jp.jvn.jvndb.v1.oval:def:37" name="oval:jp.jvn.jvndb.v1.oval:def:37"/>
        </check>
        <jvndef:display_units>
          <jvndef:title>パスワードの変更禁止期間</jvndef:title>
          <jvndef:description/>
        </jvndef:display_units>
      </Rule>
      <Rule id="RuleID150">
        <title>パスワードの有効期間 (Windows 7 / 8 高レベル)</title>
        <description>このセキュリティ設定は、ログインの際に使用するパスワードの有効期間について、指定された日数を上回る有効期間を&lt;br&gt;受入れないようポリシー設定されているかを確認しています（&lt;a href='https://jvndb.jvn.jp/apis/myjvn/cccheck/cce_password.html#myjvnapp03'&gt;「チェック方法の解説」&lt;/a&gt;参照）。</description>
        <reference>B.CCE-9193-4</reference>
        <check system="http://oval.mitre.org/XMLSchema/ovaldefinitions-5">
          <check-export value-id="RuleID150_var" export-name="oval:jp.jvn.jvndb.v1.oval:var:351"/>
          <check-content-ref href="https://jvndb.jvn.jp/myjvn?method=getOvalData&amp;ovalId=oval:jp.jvn.jvndb.v1.oval:def:35" name="oval:jp.jvn.jvndb.v1.oval:def:35"/>
        </check>
        <jvndef:display_units>
          <jvndef:title>パスワードの有効期間</jvndef:title>
          <jvndef:description/>
        </jvndef:display_units>
      </Rule>
      <Rule id="RuleID152">
        <title>パスワードの履歴を記録する (Windows 7 / 8 高レベル)</title>
        <description>このセキュリティ設定は、ログインの際に使用するパスワードの履歴管理について、同じパスワードを連続して使えない&lt;br&gt;回数が、指定された回数以上となるようポリシー設定されているかを確認しています（&lt;a href='https://jvndb.jvn.jp/apis/myjvn/cccheck/cce_password.html#myjvnapp03'&gt;「チェック方法の解説」&lt;/a&gt;参照）。</description>
        <reference>B.CCE-8912-8</reference>
        <check system="http://oval.mitre.org/XMLSchema/ovaldefinitions-5">
          <check-export value-id="RuleID152_var" export-name="oval:jp.jvn.jvndb.v1.oval:var:361"/>
          <check-content-ref href="https://jvndb.jvn.jp/myjvn?method=getOvalData&amp;ovalId=oval:jp.jvn.jvndb.v1.oval:def:36" name="oval:jp.jvn.jvndb.v1.oval:def:36"/>
        </check>
        <jvndef:display_units>
          <jvndef:title>パスワードの履歴を記録する</jvndef:title>
          <jvndef:description/>
        </jvndef:display_units>
      </Rule>
      <Rule id="RuleID149">
        <title>パスワードの長さ (Windows 7 / 8 最高レベル)</title>
        <description>このセキュリティ設定は、ログインの際に使用するパスワードの長さについて、指定された文字数以上のパスワードの長さ&lt;br&gt;のみを受入れるようポリシー設定されているかを確認しています（&lt;a href='https://jvndb.jvn.jp/apis/myjvn/cccheck/cce_password.html#myjvnapp03'&gt;「チェック方法の解説」&lt;/a&gt;参照）。</description>
        <reference>C.CCE-9357-5</reference>
        <check system="http://oval.mitre.org/XMLSchema/ovaldefinitions-5">
          <check-export value-id="RuleID149_var" export-name="oval:jp.jvn.jvndb.v1.oval:var:341"/>
          <check-content-ref href="https://jvndb.jvn.jp/myjvn?method=getOvalData&amp;ovalId=oval:jp.jvn.jvndb.v1.oval:def:34" name="oval:jp.jvn.jvndb.v1.oval:def:34"/>
        </check>
        <jvndef:display_units>
          <jvndef:title>パスワードの長さ</jvndef:title>
          <jvndef:description/>
        </jvndef:display_units>
      </Rule>
      <Rule id="RuleID155">
        <title>パスワードの変更禁止期間 (Windows 7 / 8 最高レベル)</title>
        <description>このセキュリティ設定は、ログインの際に使用するパスワードの変更禁止期間について、指定された日数を下回る期間を&lt;br&gt;受入れないようポリシー設定されているかを確認しています（&lt;a href='https://jvndb.jvn.jp/apis/myjvn/cccheck/cce_password.html#myjvnapp03'&gt;「チェック方法の解説」&lt;/a&gt;参照）。</description>
        <reference>C.CCE-9330-2</reference>
        <check system="http://oval.mitre.org/XMLSchema/ovaldefinitions-5">
          <check-export value-id="RuleID155_var" export-name="oval:jp.jvn.jvndb.v1.oval:var:371"/>
          <check-content-ref href="https://jvndb.jvn.jp/myjvn?method=getOvalData&amp;ovalId=oval:jp.jvn.jvndb.v1.oval:def:37" name="oval:jp.jvn.jvndb.v1.oval:def:37"/>
        </check>
        <jvndef:display_units>
          <jvndef:title>パスワードの変更禁止期間</jvndef:title>
          <jvndef:description/>
        </jvndef:display_units>
      </Rule>
      <Rule id="RuleID151">
        <title>パスワードの有効期間 (Windows 7 / 8 最高レベル)</title>
        <description>このセキュリティ設定は、ログインの際に使用するパスワードの有効期間について、指定された日数を上回る有効期間を&lt;br&gt;受入れないようポリシー設定されているかを確認しています（&lt;a href='https://jvndb.jvn.jp/apis/myjvn/cccheck/cce_password.html#myjvnapp03'&gt;「チェック方法の解説」&lt;/a&gt;参照）。</description>
        <reference>C.CCE-9193-4</reference>
        <check system="http://oval.mitre.org/XMLSchema/ovaldefinitions-5">
          <check-export value-id="RuleID151_var" export-name="oval:jp.jvn.jvndb.v1.oval:var:351"/>
          <check-content-ref href="https://jvndb.jvn.jp/myjvn?method=getOvalData&amp;ovalId=oval:jp.jvn.jvndb.v1.oval:def:35" name="oval:jp.jvn.jvndb.v1.oval:def:35"/>
        </check>
        <jvndef:display_units>
          <jvndef:title>パスワードの有効期間</jvndef:title>
          <jvndef:description/>
        </jvndef:display_units>
      </Rule>
      <Rule id="RuleID153">
        <title>パスワードの履歴を記録する (Windows 7 / 8 最高レベル)</title>
        <description>このセキュリティ設定は、ログインの際に使用するパスワードの履歴管理について、同じパスワードを連続して使えない&lt;br&gt;回数が、指定された回数以上となるようポリシー設定されているかを確認しています（&lt;a href='https://jvndb.jvn.jp/apis/myjvn/cccheck/cce_password.html#myjvnapp03'&gt;「チェック方法の解説」&lt;/a&gt;参照）。</description>
        <reference>C.CCE-8912-8</reference>
        <check system="http://oval.mitre.org/XMLSchema/ovaldefinitions-5">
          <check-export value-id="RuleID153_var" export-name="oval:jp.jvn.jvndb.v1.oval:var:361"/>
          <check-content-ref href="https://jvndb.jvn.jp/myjvn?method=getOvalData&amp;ovalId=oval:jp.jvn.jvndb.v1.oval:def:36" name="oval:jp.jvn.jvndb.v1.oval:def:36"/>
        </check>
        <jvndef:display_units>
          <jvndef:title>パスワードの履歴を記録する</jvndef:title>
          <jvndef:description/>
        </jvndef:display_units>
      </Rule>
    </Group>
    <Group id="GroupID2">
      <title>アカウントロックアウトポリシー</title>
      <description>アカウントロックアウトポリシー</description>
      <Value id="RuleID51_var" type="number" operator="less than or equal">
        <title>アカウントのロックアウトのしきい値 (Windows 7 一般レベル)</title>
        <description>チェック結果は「参考値を満たしていません」となっています。&lt;br&gt;PC設定値を変更したい場合には、&lt;a href='https://jvndb.jvn.jp/apis/myjvn/cccheck/cce_password.html#faq2004'&gt;「セキュリティ項目の設定方法」&lt;/a&gt;を参照ください。</description>
        <value/>
        <value selector="win7-32-custom">50</value>
        <jvndef:display_units>
          <jvndef:unit_name unit="回以内"/>
          <jvndef:description/>
        </jvndef:display_units>
      </Value>
      <Value id="RuleID54_var" type="number" operator="greater than or equal">
        <title>ロックアウトカウントのリセット (Windows 7 一般レベル)</title>
        <description>チェック結果は「参考値を満たしていません」となっています。&lt;br&gt;PC設定値を変更したい場合には、&lt;a href='https://jvndb.jvn.jp/apis/myjvn/cccheck/cce_password.html#faq2004'&gt;「セキュリティ項目の設定方法」&lt;/a&gt;を参照ください。</description>
        <value/>
        <value selector="win7-32-custom">900</value>
        <jvndef:display_units>
          <jvndef:unit_time from="second" to="minute" unit="分以上"/>
          <jvndef:description/>
        </jvndef:display_units>
      </Value>
      <Value id="RuleID57_var" type="number" operator="greater than or equal">
        <title>ロックアウト期間 (Windows 7 一般レベル)</title>
        <description>チェック結果は「参考値を満たしていません」となっています。&lt;br&gt;PC設定値を変更したい場合には、&lt;a href='https://jvndb.jvn.jp/apis/myjvn/cccheck/cce_password.html#faq2004'&gt;「セキュリティ項目の設定方法」&lt;/a&gt;を参照ください。</description>
        <value/>
        <value selector="win7-32-custom">900</value>
        <jvndef:display_units>
          <jvndef:unit_time from="second" to="minute" unit="分以上"/>
          <jvndef:description/>
        </jvndef:display_units>
      </Value>
      <Value id="RuleID156_var" type="number" operator="less than or equal">
        <title>アカウントのロックアウトのしきい値 (Windows 7 高レベル)</title>
        <description>チェック結果は「参考値を満たしていません」となっています。&lt;br&gt;PC設定値を変更したい場合には、&lt;a href='https://jvndb.jvn.jp/apis/myjvn/cccheck/cce_password.html#faq2004'&gt;「セキュリティ項目の設定方法」&lt;/a&gt;を参照ください。</description>
        <value/>
        <value selector="win7-32-custom">5</value>
        <jvndef:display_units>
          <jvndef:unit_name unit="回以内"/>
          <jvndef:description/>
        </jvndef:display_units>
      </Value>
      <Value id="RuleID158_var" type="number" operator="greater than or equal">
        <title>ロックアウトカウントのリセット (Windows 7 高レベル)</title>
        <description>チェック結果は「参考値を満たしていません」となっています。&lt;br&gt;PC設定値を変更したい場合には、&lt;a href='https://jvndb.jvn.jp/apis/myjvn/cccheck/cce_password.html#faq2004'&gt;「セキュリティ項目の設定方法」&lt;/a&gt;を参照ください。</description>
        <value/>
        <value selector="win7-32-custom">900</value>
        <jvndef:display_units>
          <jvndef:unit_time from="second" to="minute" unit="分以上"/>
          <jvndef:description/>
        </jvndef:display_units>
      </Value>
      <Value id="RuleID160_var" type="number" operator="greater than or equal">
        <title>ロックアウト期間 (Windows 7 高レベル)</title>
        <description>チェック結果は「参考値を満たしていません」となっています。&lt;br&gt;PC設定値を変更したい場合には、&lt;a href='https://jvndb.jvn.jp/apis/myjvn/cccheck/cce_password.html#faq2004'&gt;「セキュリティ項目の設定方法」&lt;/a&gt;を参照ください。</description>
        <value/>
        <value selector="win7-32-custom">900</value>
        <jvndef:display_units>
          <jvndef:unit_time from="second" to="minute" unit="分以上"/>
          <jvndef:description/>
        </jvndef:display_units>
      </Value>
      <Value id="RuleID157_var" type="number" operator="less than or equal">
        <title>アカウントのロックアウトのしきい値 (Windows 7 最高レベル)</title>
        <description>チェック結果は「参考値を満たしていません」となっています。&lt;br&gt;PC設定値を変更したい場合には、&lt;a href='https://jvndb.jvn.jp/apis/myjvn/cccheck/cce_password.html#faq2004'&gt;「セキュリティ項目の設定方法」&lt;/a&gt;を参照ください。</description>
        <value/>
        <value selector="win7-32-custom">3</value>
        <jvndef:display_units>
          <jvndef:unit_name unit="回以内"/>
          <jvndef:description/>
        </jvndef:display_units>
      </Value>
      <Value id="RuleID159_var" type="number" operator="greater than or equal">
        <title>ロックアウトカウントのリセット (Windows 7 最高レベル)</title>
        <description>チェック結果は「参考値を満たしていません」となっています。&lt;br&gt;PC設定値を変更したい場合には、&lt;a href='https://jvndb.jvn.jp/apis/myjvn/cccheck/cce_password.html#faq2004'&gt;「セキュリティ項目の設定方法」&lt;/a&gt;を参照ください。</description>
        <value/>
        <value selector="win7-32-custom">3600</value>
        <jvndef:display_units>
          <jvndef:unit_time from="second" to="minute" unit="分以上"/>
          <jvndef:description/>
        </jvndef:display_units>
      </Value>
      <Value id="RuleID161_var" type="number" operator="greater than or equal">
        <title>ロックアウト期間 (Windows 7 最高レベル)</title>
        <description>チェック結果は「参考値を満たしていません」となっています。&lt;br&gt;PC設定値を変更したい場合には、&lt;a href='https://jvndb.jvn.jp/apis/myjvn/cccheck/cce_password.html#faq2004'&gt;「セキュリティ項目の設定方法」&lt;/a&gt;を参照ください。</description>
        <value/>
        <value selector="win7-32-custom">0</value>
        <jvndef:display_units>
          <jvndef:unit_replace from="0" to="永久"/>
          <jvndef:description/>
        </jvndef:display_units>
      </Value>
      <Rule id="RuleID51">
        <title>アカウントのロックアウトのしきい値 (Windows 7 / 8 一般レベル)</title>
        <description>このセキュリティ設定は、ログインの際にログオンできなくなるまでのパスワード入力失敗回数について、アカウントの&lt;br&gt;ロックアウトのしきい値として、指定された回数以内となるようポリシー設定されているかを確認しています（&lt;a href='https://jvndb.jvn.jp/apis/myjvn/cccheck/cce_password.html#myjvnapp03'&gt;「チェック方法の解説」&lt;/a&gt;参照）。</description>
        <reference>A.CCE-9136-3</reference>
        <check system="http://oval.mitre.org/XMLSchema/ovaldefinitions-5">
          <check-export value-id="RuleID51_var" export-name="oval:jp.jvn.jvndb.v1.oval:var:381"/>
          <check-content-ref href="https://jvndb.jvn.jp/myjvn?method=getOvalData&amp;ovalId=oval:jp.jvn.jvndb.v1.oval:def:38" name="oval:jp.jvn.jvndb.v1.oval:def:38"/>
        </check>
        <jvndef:display_units>
          <jvndef:title>アカウントのロックアウトのしきい値</jvndef:title>
          <jvndef:description/>
        </jvndef:display_units>
      </Rule>
      <Rule id="RuleID54">
        <title>ロックアウトカウントのリセット (Windows 7 / 8 一般レベル)</title>
        <description>このセキュリティ設定は、パスワード入力失敗回数のカウンタがロックアウトのしきい値に達した際に、そのカウンタをリセットする&lt;br&gt;までの期間について、指定したリセット時間以上の値となるようポリシー設定されているかを確認しています。&lt;br&gt;アカウント ロックアウトのしきい値を定義している場合は、このリセット時間をロックアウト期間と同じかそれ以下にします（&lt;a href='https://jvndb.jvn.jp/apis/myjvn/cccheck/cce_password.html#myjvnapp03'&gt;「チェック方法の解説」&lt;/a&gt;参照）。</description>
        <reference>A.CCE-9400-3</reference>
        <check system="http://oval.mitre.org/XMLSchema/ovaldefinitions-5">
          <check-export value-id="RuleID54_var" export-name="oval:jp.jvn.jvndb.v1.oval:var:391"/>
          <check-content-ref href="https://jvndb.jvn.jp/myjvn?method=getOvalData&amp;ovalId=oval:jp.jvn.jvndb.v1.oval:def:39" name="oval:jp.jvn.jvndb.v1.oval:def:39"/>
        </check>
        <jvndef:display_units>
          <jvndef:title>ロックアウトカウントのリセット</jvndef:title>
          <jvndef:description/>
        </jvndef:display_units>
      </Rule>
      <Rule id="RuleID57">
        <title>ロックアウト期間 (Windows 7 / 8 一般レベル)</title>
        <description>このセキュリティ設定は、ログインの際にパスワード入力失敗回数のリセットまでの期間について、ロックアウトされた&lt;br&gt;アカウントが自動的にロック解除されるまでの期間として、指定期間以上となるようポリシー設定されているかを確認しています（&lt;a href='https://jvndb.jvn.jp/apis/myjvn/cccheck/cce_password.html#myjvnapp03'&gt;「チェック方法の解説」&lt;/a&gt;参照）。</description>
        <reference>A.CCE-9308-8</reference>
        <check system="http://oval.mitre.org/XMLSchema/ovaldefinitions-5">
          <check-export value-id="RuleID57_var" export-name="oval:jp.jvn.jvndb.v1.oval:var:401"/>
          <check-content-ref href="https://jvndb.jvn.jp/myjvn?method=getOvalData&amp;ovalId=oval:jp.jvn.jvndb.v1.oval:def:40" name="oval:jp.jvn.jvndb.v1.oval:def:40"/>
        </check>
        <jvndef:display_units>
          <jvndef:title>ロックアウト期間</jvndef:title>
          <jvndef:description/>
        </jvndef:display_units>
      </Rule>
      <Rule id="RuleID156">
        <title>アカウントのロックアウトのしきい値 (Windows 7 / 8 高レベル)</title>
        <description>このセキュリティ設定は、ログインの際にログオンできなくなるまでのパスワード入力失敗回数について、アカウントの&lt;br&gt;ロックアウトのしきい値として、指定された回数以内となるようポリシー設定されているかを確認しています（&lt;a href='https://jvndb.jvn.jp/apis/myjvn/cccheck/cce_password.html#myjvnapp03'&gt;「チェック方法の解説」&lt;/a&gt;参照）。</description>
        <reference>B.CCE-9136-3</reference>
        <check system="http://oval.mitre.org/XMLSchema/ovaldefinitions-5">
          <check-export value-id="RuleID156_var" export-name="oval:jp.jvn.jvndb.v1.oval:var:381"/>
          <check-content-ref href="https://jvndb.jvn.jp/myjvn?method=getOvalData&amp;ovalId=oval:jp.jvn.jvndb.v1.oval:def:38" name="oval:jp.jvn.jvndb.v1.oval:def:38"/>
        </check>
        <jvndef:display_units>
          <jvndef:title>アカウントのロックアウトのしきい値</jvndef:title>
          <jvndef:description/>
        </jvndef:display_units>
      </Rule>
      <Rule id="RuleID158">
        <title>ロックアウトカウントのリセット (Windows 7 / 8 高レベル)</title>
        <description>このセキュリティ設定は、パスワード入力失敗回数のカウンタがロックアウトのしきい値に達した際に、そのカウンタをリセットする&lt;br&gt;までの期間について、指定したリセット時間以上の値となるようポリシー設定されているかを確認しています。&lt;br&gt;アカウント ロックアウトのしきい値を定義している場合は、このリセット時間をロックアウト期間と同じかそれ以下にします（&lt;a href='https://jvndb.jvn.jp/apis/myjvn/cccheck/cce_password.html#myjvnapp03'&gt;「チェック方法の解説」&lt;/a&gt;参照）。</description>
        <reference>B.CCE-9400-3</reference>
        <check system="http://oval.mitre.org/XMLSchema/ovaldefinitions-5">
          <check-export value-id="RuleID158_var" export-name="oval:jp.jvn.jvndb.v1.oval:var:391"/>
          <check-content-ref href="https://jvndb.jvn.jp/myjvn?method=getOvalData&amp;ovalId=oval:jp.jvn.jvndb.v1.oval:def:39" name="oval:jp.jvn.jvndb.v1.oval:def:39"/>
        </check>
        <jvndef:display_units>
          <jvndef:title>ロックアウトカウントのリセット</jvndef:title>
          <jvndef:description/>
        </jvndef:display_units>
      </Rule>
      <Rule id="RuleID160">
        <title>ロックアウト期間 (Windows 7 / 8 高レベル)</title>
        <description>このセキュリティ設定は、ログインの際にパスワード入力失敗回数のリセットまでの期間について、ロックアウトされた&lt;br&gt;アカウントが自動的にロック解除されるまでの期間として、指定期間以上となるようポリシー設定されているかを確認しています（&lt;a href='https://jvndb.jvn.jp/apis/myjvn/cccheck/cce_password.html#myjvnapp03'&gt;「チェック方法の解説」&lt;/a&gt;参照）。</description>
        <reference>B.CCE-9308-8</reference>
        <check system="http://oval.mitre.org/XMLSchema/ovaldefinitions-5">
          <check-export value-id="RuleID160_var" export-name="oval:jp.jvn.jvndb.v1.oval:var:401"/>
          <check-content-ref href="https://jvndb.jvn.jp/myjvn?method=getOvalData&amp;ovalId=oval:jp.jvn.jvndb.v1.oval:def:40" name="oval:jp.jvn.jvndb.v1.oval:def:40"/>
        </check>
        <jvndef:display_units>
          <jvndef:title>ロックアウト期間</jvndef:title>
          <jvndef:description/>
        </jvndef:display_units>
      </Rule>
      <Rule id="RuleID157">
        <title>アカウントのロックアウトのしきい値 (Windows 7 / 8 最高レベル)</title>
        <description>このセキュリティ設定は、ログインの際にログオンできなくなるまでのパスワード入力失敗回数について、アカウントの&lt;br&gt;ロックアウトのしきい値として、指定された回数以内となるようポリシー設定されているかを確認しています（&lt;a href='https://jvndb.jvn.jp/apis/myjvn/cccheck/cce_password.html#myjvnapp03'&gt;「チェック方法の解説」&lt;/a&gt;参照）。</description>
        <reference>C.CCE-9136-3</reference>
        <check system="http://oval.mitre.org/XMLSchema/ovaldefinitions-5">
          <check-export value-id="RuleID157_var" export-name="oval:jp.jvn.jvndb.v1.oval:var:381"/>
          <check-content-ref href="https://jvndb.jvn.jp/myjvn?method=getOvalData&amp;ovalId=oval:jp.jvn.jvndb.v1.oval:def:38" name="oval:jp.jvn.jvndb.v1.oval:def:38"/>
        </check>
        <jvndef:display_units>
          <jvndef:title>アカウントのロックアウトのしきい値</jvndef:title>
          <jvndef:description/>
        </jvndef:display_units>
      </Rule>
      <Rule id="RuleID159">
        <title>ロックアウトカウントのリセット (Windows 7 / 8 最高レベル)</title>
        <description>このセキュリティ設定は、パスワード入力失敗回数のカウンタがロックアウトのしきい値に達した際に、そのカウンタをリセットする&lt;br&gt;までの期間について、指定したリセット時間以上の値となるようポリシー設定されているかを確認しています。&lt;br&gt;アカウント ロックアウトのしきい値を定義している場合は、このリセット時間をロックアウト期間と同じかそれ以下にします（&lt;a href='https://jvndb.jvn.jp/apis/myjvn/cccheck/cce_password.html#myjvnapp03'&gt;「チェック方法の解説」&lt;/a&gt;参照）。</description>
        <reference>C.CCE-9400-3</reference>
        <check system="http://oval.mitre.org/XMLSchema/ovaldefinitions-5">
          <check-export value-id="RuleID159_var" export-name="oval:jp.jvn.jvndb.v1.oval:var:391"/>
          <check-content-ref href="https://jvndb.jvn.jp/myjvn?method=getOvalData&amp;ovalId=oval:jp.jvn.jvndb.v1.oval:def:39" name="oval:jp.jvn.jvndb.v1.oval:def:39"/>
        </check>
        <jvndef:display_units>
          <jvndef:title>ロックアウトカウントのリセット</jvndef:title>
          <jvndef:description/>
        </jvndef:display_units>
      </Rule>
      <Rule id="RuleID161">
        <title>ロックアウト期間 (Windows 7 / 8 最高レベル)</title>
        <description>このセキュリティ設定は、ログインの際にパスワード入力失敗回数のリセットまでの期間について、ロックアウトされた&lt;br&gt;アカウントが自動的にロック解除されるまでの期間として、指定期間以上となるようポリシー設定されているかを確認しています（&lt;a href='https://jvndb.jvn.jp/apis/myjvn/cccheck/cce_password.html#myjvnapp03'&gt;「チェック方法の解説」&lt;/a&gt;参照）。</description>
        <reference>C.CCE-9308-8</reference>
        <check system="http://oval.mitre.org/XMLSchema/ovaldefinitions-5">
          <check-export value-id="RuleID161_var" export-name="oval:jp.jvn.jvndb.v1.oval:var:401"/>
          <check-content-ref href="https://jvndb.jvn.jp/myjvn?method=getOvalData&amp;ovalId=oval:jp.jvn.jvndb.v1.oval:def:40" name="oval:jp.jvn.jvndb.v1.oval:def:40"/>
        </check>
        <jvndef:display_units>
          <jvndef:title>ロックアウト期間</jvndef:title>
          <jvndef:description/>
        </jvndef:display_units>
      </Rule>
    </Group>
    <Group id="GroupID3">
      <title>スクリーンセーバー設定</title>
      <description>スクリーンセーバー設定</description>
      <Value id="RuleID60_var" type="number" operator="less than or equal">
        <title>スクリーンセーバーのタイムアウト (Windows 7 一般レベル)</title>
        <description>チェック結果は「参考値を満たしていません」となっています。&lt;br&gt;PC設定値を変更したい場合には、&lt;a href='https://jvndb.jvn.jp/apis/myjvn/cccheck/cce_password.html#faq2004'&gt;「セキュリティ項目の設定方法」&lt;/a&gt;を参照ください。</description>
        <value/>
        <value selector="win7-32-custom">900</value>
        <jvndef:display_units>
          <jvndef:unit_time from="second" to="minute" unit="分以下"/>
          <jvndef:description/>
        </jvndef:display_units>
      </Value>
      <Value id="RuleID63_var" type="string" operator="equals">
        <title>パスワード付きスクリーンセーバーの有無 (Windows 7 一般レベル)</title>
        <description>チェック結果は「参考値を満たしていません」となっています。&lt;br&gt;PC設定値を変更したい場合には、&lt;a href='https://jvndb.jvn.jp/apis/myjvn/cccheck/cce_password.html#faq2004'&gt;「セキュリティ項目の設定方法」&lt;/a&gt;を参照ください。</description>
        <value/>
        <value selector="win7-32-custom">1</value>
        <jvndef:display_units>
          <jvndef:unit_replace from="1" to="有効"/>
          <jvndef:unit_replace from="0" to="無効"/>
          <jvndef:description/>
        </jvndef:display_units>
      </Value>
      <Value id="RuleID162_var" type="number" operator="less than or equal">
        <title>スクリーンセーバーのタイムアウト (Windows 7 高レベル)</title>
        <description>チェック結果は「参考値を満たしていません」となっています。&lt;br&gt;PC設定値を変更したい場合には、&lt;a href='https://jvndb.jvn.jp/apis/myjvn/cccheck/cce_password.html#faq2004'&gt;「セキュリティ項目の設定方法」&lt;/a&gt;を参照ください。</description>
        <value/>
        <value selector="win7-32-custom">900</value>
        <jvndef:display_units>
          <jvndef:unit_time from="second" to="minute" unit="分以下"/>
          <jvndef:description/>
        </jvndef:display_units>
      </Value>
      <Value id="RuleID164_var" type="string" operator="equals">
        <title>パスワード付きスクリーンセーバーの有無 (Windows 7 高レベル)</title>
        <description>チェック結果は「参考値を満たしていません」となっています。&lt;br&gt;PC設定値を変更したい場合には、&lt;a href='https://jvndb.jvn.jp/apis/myjvn/cccheck/cce_password.html#faq2004'&gt;「セキュリティ項目の設定方法」&lt;/a&gt;を参照ください。</description>
        <value/>
        <value selector="win7-32-custom">1</value>
        <jvndef:display_units>
          <jvndef:unit_replace from="1" to="有効"/>
          <jvndef:unit_replace from="0" to="無効"/>
          <jvndef:description/>
        </jvndef:display_units>
      </Value>
      <Value id="RuleID163_var" type="number" operator="less than or equal">
        <title>スクリーンセーバーのタイムアウト (Windows 7 最高レベル)</title>
        <description>チェック結果は「参考値を満たしていません」となっています。&lt;br&gt;PC設定値を変更したい場合には、&lt;a href='https://jvndb.jvn.jp/apis/myjvn/cccheck/cce_password.html#faq2004'&gt;「セキュリティ項目の設定方法」&lt;/a&gt;を参照ください。</description>
        <value/>
        <value selector="win7-32-custom">900</value>
        <jvndef:display_units>
          <jvndef:unit_time from="second" to="minute" unit="分以下"/>
          <jvndef:description/>
        </jvndef:display_units>
      </Value>
      <Value id="RuleID165_var" type="string" operator="equals">
        <title>パスワード付きスクリーンセーバーの有無 (Windows 7 最高レベル)</title>
        <description>チェック結果は「参考値を満たしていません」となっています。&lt;br&gt;PC設定値を変更したい場合には、&lt;a href='https://jvndb.jvn.jp/apis/myjvn/cccheck/cce_password.html#faq2004'&gt;「セキュリティ項目の設定方法」&lt;/a&gt;を参照ください。</description>
        <value/>
        <value selector="win7-32-custom">1</value>
        <jvndef:display_units>
          <jvndef:unit_replace from="1" to="有効"/>
          <jvndef:unit_replace from="0" to="無効"/>
          <jvndef:description/>
        </jvndef:display_units>
      </Value>
      <Rule id="RuleID60">
        <title>スクリーンセーバーのタイムアウト (Windows 7 / 8 一般レベル)</title>
        <description>このセキュリティ設定は、スクリーンセーバーが起動するまでの時間として指定された時間以内に設定されているかを確認しています（&lt;a href='https://jvndb.jvn.jp/apis/myjvn/cccheck/cce_password.html#myjvnapp03'&gt;「チェック方法の解説」&lt;/a&gt;参照）。</description>
        <reference>A.CCE-10148-5</reference>
        <check system="http://oval.mitre.org/XMLSchema/ovaldefinitions-5">
          <check-export value-id="RuleID60_var" export-name="oval:jp.jvn.jvndb.v1.oval:var:411"/>
          <check-content-ref href="https://jvndb.jvn.jp/myjvn?method=getOvalData&amp;ovalId=oval:jp.jvn.jvndb.v1.oval:def:41" name="oval:jp.jvn.jvndb.v1.oval:def:41"/>
        </check>
        <jvndef:display_units>
          <jvndef:title>スクリーンセーバーのタイムアウト</jvndef:title>
          <jvndef:description/>
        </jvndef:display_units>
      </Rule>
      <Rule id="RuleID63">
        <title>パスワード付きスクリーンセーバーの有無 (Windows 7 / 8 一般レベル)</title>
        <description>このセキュリティ設定は、スクリーンセーバー復帰時に、ログインのパスワードを入力させるよう設定されているかを&lt;br&gt;確認しています（&lt;a href='https://jvndb.jvn.jp/apis/myjvn/cccheck/cce_password.html#myjvnapp03'&gt;「チェック方法の解説」&lt;/a&gt;参照）。</description>
        <reference>A.CCE-9730-3</reference>
        <check system="http://oval.mitre.org/XMLSchema/ovaldefinitions-5">
          <check-export value-id="RuleID63_var" export-name="oval:jp.jvn.jvndb.v1.oval:var:421"/>
          <check-content-ref href="https://jvndb.jvn.jp/myjvn?method=getOvalData&amp;ovalId=oval:jp.jvn.jvndb.v1.oval:def:42" name="oval:jp.jvn.jvndb.v1.oval:def:42"/>
        </check>
        <jvndef:display_units>
          <jvndef:title>パスワード付きスクリーンセーバーの有無</jvndef:title>
          <jvndef:description/>
        </jvndef:display_units>
      </Rule>
      <Rule id="RuleID162">
        <title>スクリーンセーバーのタイムアウト (Windows 7 / 8 高レベル)</title>
        <description>このセキュリティ設定は、スクリーンセーバーが起動するまでの時間として指定された時間以内に設定されているかを確認しています（&lt;a href='https://jvndb.jvn.jp/apis/myjvn/cccheck/cce_password.html#myjvnapp03'&gt;「チェック方法の解説」&lt;/a&gt;参照）。</description>
        <reference>B.CCE-10148-5</reference>
        <check system="http://oval.mitre.org/XMLSchema/ovaldefinitions-5">
          <check-export value-id="RuleID162_var" export-name="oval:jp.jvn.jvndb.v1.oval:var:411"/>
          <check-content-ref href="https://jvndb.jvn.jp/myjvn?method=getOvalData&amp;ovalId=oval:jp.jvn.jvndb.v1.oval:def:41" name="oval:jp.jvn.jvndb.v1.oval:def:41"/>
        </check>
        <jvndef:display_units>
          <jvndef:title>スクリーンセーバーのタイムアウト</jvndef:title>
          <jvndef:description/>
        </jvndef:display_units>
      </Rule>
      <Rule id="RuleID164">
        <title>パスワード付きスクリーンセーバーの有無 (Windows 7 / 8 高レベル)</title>
        <description>このセキュリティ設定は、スクリーンセーバー復帰時に、ログインのパスワードを入力させるよう設定されているかを&lt;br&gt;確認しています（&lt;a href='https://jvndb.jvn.jp/apis/myjvn/cccheck/cce_password.html#myjvnapp03'&gt;「チェック方法の解説」&lt;/a&gt;参照）。</description>
        <reference>B.CCE-9730-3</reference>
        <check system="http://oval.mitre.org/XMLSchema/ovaldefinitions-5">
          <check-export value-id="RuleID164_var" export-name="oval:jp.jvn.jvndb.v1.oval:var:421"/>
          <check-content-ref href="https://jvndb.jvn.jp/myjvn?method=getOvalData&amp;ovalId=oval:jp.jvn.jvndb.v1.oval:def:42" name="oval:jp.jvn.jvndb.v1.oval:def:42"/>
        </check>
        <jvndef:display_units>
          <jvndef:title>パスワード付きスクリーンセーバーの有無</jvndef:title>
          <jvndef:description/>
        </jvndef:display_units>
      </Rule>
      <Rule id="RuleID163">
        <title>スクリーンセーバーのタイムアウト (Windows 7 / 8 最高レベル)</title>
        <description>このセキュリティ設定は、スクリーンセーバーが起動するまでの時間として指定された時間以内に設定されているかを確認しています（&lt;a href='https://jvndb.jvn.jp/apis/myjvn/cccheck/cce_password.html#myjvnapp03'&gt;「チェック方法の解説」&lt;/a&gt;参照）。</description>
        <reference>C.CCE-10148-5</reference>
        <check system="http://oval.mitre.org/XMLSchema/ovaldefinitions-5">
          <check-export value-id="RuleID163_var" export-name="oval:jp.jvn.jvndb.v1.oval:var:411"/>
          <check-content-ref href="https://jvndb.jvn.jp/myjvn?method=getOvalData&amp;ovalId=oval:jp.jvn.jvndb.v1.oval:def:41" name="oval:jp.jvn.jvndb.v1.oval:def:41"/>
        </check>
        <jvndef:display_units>
          <jvndef:title>スクリーンセーバーのタイムアウト</jvndef:title>
          <jvndef:description/>
        </jvndef:display_units>
      </Rule>
      <Rule id="RuleID165">
        <title>パスワード付きスクリーンセーバーの有無 (Windows 7 / 8 最高レベル)</title>
        <description>このセキュリティ設定は、スクリーンセーバー復帰時に、ログインのパスワードを入力させるよう設定されているかを&lt;br&gt;確認しています（&lt;a href='https://jvndb.jvn.jp/apis/myjvn/cccheck/cce_password.html#myjvnapp03'&gt;「チェック方法の解説」&lt;/a&gt;参照）。</description>
        <reference>C.CCE-9730-3</reference>
        <check system="http://oval.mitre.org/XMLSchema/ovaldefinitions-5">
          <check-export value-id="RuleID165_var" export-name="oval:jp.jvn.jvndb.v1.oval:var:421"/>
          <check-content-ref href="https://jvndb.jvn.jp/myjvn?method=getOvalData&amp;ovalId=oval:jp.jvn.jvndb.v1.oval:def:42" name="oval:jp.jvn.jvndb.v1.oval:def:42"/>
        </check>
        <jvndef:display_units>
          <jvndef:title>パスワード付きスクリーンセーバーの有無</jvndef:title>
          <jvndef:description/>
        </jvndef:display_units>
      </Rule>
    </Group>
    <Group id="GroupID4">
      <title>USBデバイス</title>
      <description>USBデバイス</description>
      <Value id="RuleID166_var" type="string" operator="equals">
        <title>USBデバイス自動起動の有無(Windows 7 一般レベル)</title>
        <description>USBメモリの自動実行機能を無効にすることを推奨します。&lt;br&gt;以下のURLを参照しUSBの自動実行機能の有無を変更してください。&lt;br&gt;&lt;a href='https://jvndb.jvn.jp/apis/myjvn/scchecklist.html#rid10'&gt;設定変更方法はこちら&lt;/a&gt;</description>
        <value/>
        <value selector="win7-32-custom">255</value>
        <jvndef:display_units>
          <jvndef:unit_and operand="4" trueresult="無効" falseresult="有効"/>
          <jvndef:description/>
        </jvndef:display_units>
      </Value>
      <Value id="RuleID167_var" type="string" operator="equals">
        <title>USBデバイス自動起動の有無(Windows 7 高レベル)</title>
        <description>USBメモリの自動実行機能を無効にすることを推奨します。&lt;br&gt;以下のURLを参照しUSBの自動実行機能の有無を変更してください。&lt;br&gt;&lt;a href='https://jvndb.jvn.jp/apis/myjvn/scchecklist.html#rid10'&gt;設定変更方法はこちら&lt;/a&gt;</description>
        <value/>
        <value selector="win7-32-custom">255</value>
        <jvndef:display_units>
          <jvndef:unit_and operand="4" trueresult="無効" falseresult="有効"/>
          <jvndef:description/>
        </jvndef:display_units>
      </Value>
      <Value id="RuleID168_var" type="string" operator="equals">
        <title>USBデバイス自動起動の有無(Windows 7 最高レベル)</title>
        <description>USBメモリの自動実行機能を無効にすることを推奨します。&lt;br&gt;以下のURLを参照しUSBの自動実行機能の有無を変更してください。&lt;br&gt;&lt;a href='https://jvndb.jvn.jp/apis/myjvn/scchecklist.html#rid10'&gt;設定変更方法はこちら&lt;/a&gt;</description>
        <value/>
        <value selector="win7-32-custom">255</value>
        <jvndef:display_units>
          <jvndef:unit_and operand="4" trueresult="無効" falseresult="有効"/>
          <jvndef:description/>
        </jvndef:display_units>
      </Value>
      <Rule id="RuleID166">
        <title>USBデバイス自動起動の有無(Windows 7 / 8 一般レベル)</title>
        <description>このセキュリティ設定は、自動実行をオンにすると、USBメモリをコンピュータに挿入した際に、メモリの内容に従った処理が自動実行されます。&lt;br&gt;自動実行をオフにすると、USBメモリをコンピュータに挿入しても、自動的には実行されなくなります。</description>
        <reference>A.CCE-9528-1</reference>
        <check system="http://oval.mitre.org/XMLSchema/ovaldefinitions-5">
          <check-export value-id="RuleID166_var" export-name="oval:jp.jvn.jvndb.v1.oval:var:431"/>
          <check-content-ref href="https://jvndb.jvn.jp/myjvn?method=getOvalData&amp;ovalId=oval:jp.jvn.jvndb.v1.oval:def:43" name="oval:jp.jvn.jvndb.v1.oval:def:43"/>
        </check>
        <jvndef:display_units>
          <jvndef:title>USBデバイス自動起動の有無</jvndef:title>
          <jvndef:description/>
        </jvndef:display_units>
      </Rule>
      <Rule id="RuleID167">
        <title>USBデバイス自動起動の有無(Windows 7 / 8 高レベル)</title>
        <description>このセキュリティ設定は、自動実行をオンにすると、USBメモリをコンピュータに挿入した際に、メモリの内容に従った処理が自動実行されます。&lt;br&gt;自動実行をオフにすると、USBメモリをコンピュータに挿入しても、自動的には実行されなくなります。</description>
        <reference>B.CCE-9528-1</reference>
        <check system="http://oval.mitre.org/XMLSchema/ovaldefinitions-5">
          <check-export value-id="RuleID167_var" export-name="oval:jp.jvn.jvndb.v1.oval:var:431"/>
          <check-content-ref href="https://jvndb.jvn.jp/myjvn?method=getOvalData&amp;ovalId=oval:jp.jvn.jvndb.v1.oval:def:43" name="oval:jp.jvn.jvndb.v1.oval:def:43"/>
        </check>
        <jvndef:display_units>
          <jvndef:title>USBデバイス自動起動の有無</jvndef:title>
          <jvndef:description/>
        </jvndef:display_units>
      </Rule>
      <Rule id="RuleID168">
        <title>USBデバイス自動起動の有無(Windows 7 / 8 最高レベル)</title>
        <description>このセキュリティ設定は、自動実行をオンにすると、USBメモリをコンピュータに挿入した際に、メモリの内容に従った処理が自動実行されます。&lt;br&gt;自動実行をオフにすると、USBメモリをコンピュータに挿入しても、自動的には実行されなくなります。</description>
        <reference>C.CCE-9528-1</reference>
        <check system="http://oval.mitre.org/XMLSchema/ovaldefinitions-5">
          <check-export value-id="RuleID168_var" export-name="oval:jp.jvn.jvndb.v1.oval:var:431"/>
          <check-content-ref href="https://jvndb.jvn.jp/myjvn?method=getOvalData&amp;ovalId=oval:jp.jvn.jvndb.v1.oval:def:43" name="oval:jp.jvn.jvndb.v1.oval:def:43"/>
        </check>
        <jvndef:display_units>
          <jvndef:title>USBデバイス自動起動の有無</jvndef:title>
          <jvndef:description/>
        </jvndef:display_units>
      </Rule>
    </Group>
    <Group id="versioncheck">
      <title>バージョンチェック</title>
      <description>バージョンチェック</description>
      <Value id="Adobe_Flash_Player__ActiveX_-win_var" type="string" operator="equals">
        <title>Adobe Flash Player (ActiveX)-win</title>
        <description>Adobe Flash Player (ActiveX)-win</description>
        <value/>
        <value selector="win7-32-custom">Adobe Flash Player (ActiveX)-win</value>
      </Value>
      <Value id="Adobe_Flash_Player__Plug-in_-win_var" type="string" operator="equals">
        <title>Adobe Flash Player (Plug-in)-win</title>
        <description>Adobe Flash Player (Plug-in)-win</description>
        <value/>
        <value selector="win7-32-custom">Adobe Flash Player (Plug-in)-win</value>
      </Value>
      <Value id="Adobe_Reader-win-32_var" type="string" operator="equals">
        <title>Adobe Reader-win-32</title>
        <description>Adobe Reader-win-32</description>
        <value/>
        <value selector="win7-32-custom">Adobe Reader-win-32</value>
      </Value>
      <Value id="Becky__Internet_Mailr-win-32_var" type="string" operator="equals">
        <title>Becky! Internet Mailr-win-32</title>
        <description>Becky! Internet Mailr-win-32</description>
        <value/>
        <value selector="win7-32-custom">Becky! Internet Mailr-win-32</value>
      </Value>
      <Value id="Flash_Player_var" type="string" operator="equals">
        <title>Adobe Shockwave Player</title>
        <description>Adobe Shockwave Player</description>
        <value/>
        <value selector="win7-32-custom">Adobe Shockwave Player</value>
      </Value>
      <Value id="GoogleChrome-win-32_var" type="string" operator="equals">
        <title>Google Chrome-win-32</title>
        <description>Google Chrome-win-32</description>
        <value/>
        <value selector="win7-32-custom"/>
      </Value>
      <Value id="iTunes-win-32_var" type="string" operator="equals">
        <title>iTunes-win-32</title>
        <description>iTunes-win-32</description>
        <value/>
        <value selector="win7-32-custom"/>
      </Value>
      <Value id="JRE1.6-win-32_var" type="string" operator="equals">
        <title>JRE1.6-win-32</title>
        <description>JRE1.6-win-32</description>
        <value/>
        <value selector="win7-32-custom">JRE1.6-win-32</value>
      </Value>
      <Value id="Lhaplus-win_var" type="string" operator="equals">
        <title>Lhaplus-win</title>
        <description>Lhaplus-win</description>
        <value/>
        <value selector="win7-32-custom">Lhaplus-win</value>
      </Value>
      <Value id="LibreOffice-win-32_var" type="string" operator="equals">
        <title>LibreOffice-win-32</title>
        <description>LibreOffice-win-32</description>
        <value/>
        <value selector="win7-32-custom"/>
      </Value>
      <Value id="Lunascape-win_var" type="string" operator="equals">
        <title>Lunascape-win</title>
        <description>Lunascape-win   詳細</description>
        <value/>
        <value selector="win7-32-custom">Lunascape-win</value>
      </Value>
      <Value id="Mozilla_Firefox-win_var" type="string" operator="equals">
        <title>Mozilla Firefox-win</title>
        <description>Mozilla Firefox-win</description>
        <value/>
        <value selector="win7-32-custom">Mozilla Firefox-win</value>
      </Value>
      <Value id="Mozilla_Thunderbird-win_var" type="string" operator="equals">
        <title>Mozilla Thunderbird-win</title>
        <description>Mozilla Thunderbird-win</description>
        <value/>
        <value selector="win7-32-custom">Mozilla Thunderbird-win</value>
      </Value>
      <Value id="OpenOffice.org-win-32_var" type="string" operator="equals">
        <title>OpenOffice.org-win-32</title>
        <description>OpenOffice.org-win-32</description>
        <value/>
        <value selector="win7-32-custom">OpenOffice.org-win-32</value>
      </Value>
      <Value id="QuickTime-win-32_var" type="string" operator="equals">
        <title>QuickTime-win-32</title>
        <description>QuickTime-win-32</description>
        <value/>
        <value selector="win7-32-custom">QuickTime-win-32</value>
      </Value>
      <Value id="VMware_Player-win-32_var" type="string" operator="equals">
        <title>VMware Player-win-32</title>
        <description>VMware Player-win-32</description>
        <value/>
        <value selector="win7-32-custom">VMware Player-win-32</value>
      </Value>
      <Rule id="Adobe_Flash_Player__ActiveX_-win">
        <title>Adobe Flash Player (ActiveX)-win</title>
        <description>Adobe Flash Player (ActiveX)-win</description>
        <reference/>
        <check system="http://oval.mitre.org/XMLSchema/ovaldefinitions-5">
          <check-export value-id="Adobe_Flash_Player__ActiveX_-win_var" export-name="oval:jp.jvn.jvndb.v1.oval:var:61"/>
          <check-content-ref href="https://jvndb.jvn.jp/myjvn?method=getOvalData&amp;ovalId=oval:jp.jvn.jvndb.v1.oval:def:6" name="oval:jp.jvn.jvndb.v1.oval:def:6"/>
        </check>
        <jvndef:display_units>
          <jvndef:title>Adobe Flash Player (ActiveX)</jvndef:title>
          <jvndef:description/>
        </jvndef:display_units>
        <jvndef:display_policy type="0"/>
        <jvndef:display_detail type="0"/>
      </Rule>
      <Rule id="Adobe_Flash_Player__Plug-in_-win">
        <title>Adobe Flash Player (Plug-in)-win</title>
        <description>Adobe Flash Player (Plug-in)-win</description>
        <reference/>
        <check system="http://oval.mitre.org/XMLSchema/ovaldefinitions-5">
          <check-export value-id="Adobe_Flash_Player__Plug-in_-win_var" export-name="oval:jp.jvn.jvndb.v1.oval:var:451"/>
          <check-content-ref href="https://jvndb.jvn.jp/myjvn?method=getOvalData&amp;ovalId=oval:jp.jvn.jvndb.v1.oval:def:45" name="oval:jp.jvn.jvndb.v1.oval:def:45"/>
        </check>
        <jvndef:display_units>
          <jvndef:title>Adobe Flash Player (Plug-in)</jvndef:title>
          <jvndef:description/>
        </jvndef:display_units>
        <jvndef:display_policy type="0"/>
        <jvndef:display_detail type="0"/>
      </Rule>
      <Rule id="Adobe_Reader-win-32">
        <title>Adobe Reader-win-32</title>
        <description>Adobe Reader-win-32</description>
        <reference/>
        <check system="http://oval.mitre.org/XMLSchema/ovaldefinitions-5">
          <check-export value-id="Adobe_Reader-win-32_var" export-name="oval:jp.jvn.jvndb.v1.oval:var:841"/>
          <check-content-ref href="https://jvndb.jvn.jp/myjvn?method=getOvalData&amp;ovalId=oval:jp.jvn.jvndb.v1.oval:def:84" name="oval:jp.jvn.jvndb.v1.oval:def:84"/>
        </check>
        <jvndef:display_units>
          <jvndef:title>Adobe Reader</jvndef:title>
          <jvndef:description/>
        </jvndef:display_units>
        <jvndef:display_policy type="0"/>
        <jvndef:display_detail type="1"/>
      </Rule>
      <Rule id="Becky__Internet_Mailr-win-32">
        <title>Becky! Internet Mailr-win-32</title>
        <description>Becky! Internet Mailr-win-32</description>
        <reference/>
        <check system="http://oval.mitre.org/XMLSchema/ovaldefinitions-5">
          <check-export value-id="Becky__Internet_Mailr-win-32_var" export-name="oval:jp.jvn.jvndb.v1.oval:var:1921"/>
          <check-content-ref href="https://jvndb.jvn.jp/myjvn?method=getOvalData&amp;ovalId=oval:jp.jvn.jvndb.v1.oval:def:192" name="oval:jp.jvn.jvndb.v1.oval:def:192"/>
        </check>
        <jvndef:display_units>
          <jvndef:title>Becky! Internet Mail</jvndef:title>
          <jvndef:description/>
        </jvndef:display_units>
        <jvndef:display_policy type="0"/>
        <jvndef:display_detail type="1"/>
      </Rule>
      <Rule id="Flash_Player">
        <title>Adobe Shockwave Player</title>
        <description>Adobe Shockwave Player 11</description>
        <reference/>
        <check system="http://oval.mitre.org/XMLSchema/ovaldefinitions-5">
          <check-export value-id="Flash_Player_var" export-name="oval:jp.jvn.jvndb.v1.oval:var:1441"/>
          <check-content-ref href="https://jvndb.jvn.jp/myjvn?method=getOvalData&amp;ovalId=oval:jp.jvn.jvndb.v1.oval:def:144" name="oval:jp.jvn.jvndb.v1.oval:def:144"/>
        </check>
        <jvndef:display_units>
          <jvndef:title>Adobe Shockwave Player</jvndef:title>
          <jvndef:description/>
        </jvndef:display_units>
        <jvndef:display_policy type="0"/>
        <jvndef:display_detail type="0"/>
      </Rule>
      <Rule id="GoogleChrome-win-32">
        <title>Google Chrome-win-32</title>
        <description>Google Chrome-win-32</description>
        <reference/>
        <check system="http://oval.mitre.org/XMLSchema/ovaldefinitions-5">
          <check-export value-id="GoogleChrome-win-32_var" export-name="oval:jp.jvn.jvndb.v1.oval:var:2481"/>
          <check-content-ref href="https://jvndb.jvn.jp/myjvn?method=getOvalData&amp;ovalId=oval:jp.jvn.jvndb.v1.oval:def:248" name="oval:jp.jvn.jvndb.v1.oval:def:248"/>
        </check>
        <jvndef:display_units>
          <jvndef:title>Google Chrome</jvndef:title>
          <jvndef:description/>
        </jvndef:display_units>
        <jvndef:display_policy type="0"/>
        <jvndef:display_detail type="0"/>
      </Rule>
      <Rule id="iTunes-win-32">
        <title>iTunes-win-32</title>
        <description>iTunes-win-32</description>
        <reference/>
        <check system="http://oval.mitre.org/XMLSchema/ovaldefinitions-5">
          <check-export value-id="iTunes-win-32_var" export-name="oval:jp.jvn.jvndb.v1.oval:var:2401"/>
          <check-content-ref href="https://jvndb.jvn.jp/myjvn?method=getOvalData&amp;ovalId=oval:jp.jvn.jvndb.v1.oval:def:240" name="oval:jp.jvn.jvndb.v1.oval:def:240"/>
        </check>
        <jvndef:display_units>
          <jvndef:title>iTunes</jvndef:title>
          <jvndef:description/>
        </jvndef:display_units>
        <jvndef:display_policy type="0"/>
        <jvndef:display_detail type="0"/>
      </Rule>
      <Rule id="JRE1.6-win-32">
        <title>JRE1.6-win-32</title>
        <description>JRE1.6-win-32</description>
        <reference/>
        <check system="http://oval.mitre.org/XMLSchema/ovaldefinitions-5">
          <check-export value-id="JRE1.6-win-32_var" export-name="oval:jp.jvn.jvndb.v1.oval:var:31"/>
          <check-content-ref href="https://jvndb.jvn.jp/myjvn?method=getOvalData&amp;ovalId=oval:jp.jvn.jvndb.v1.oval:def:3" name="oval:jp.jvn.jvndb.v1.oval:def:3"/>
        </check>
        <jvndef:display_units>
          <jvndef:title>JRE</jvndef:title>
          <jvndef:description/>
        </jvndef:display_units>
        <jvndef:display_policy type="1"/>
        <jvndef:display_detail type="0"/>
      </Rule>
      <Rule id="Lhaplus-win">
        <title>Lhaplus-win</title>
        <description>Lhaplus-win</description>
        <reference/>
        <check system="http://oval.mitre.org/XMLSchema/ovaldefinitions-5">
          <check-export value-id="Lhaplus-win_var" export-name="oval:jp.jvn.jvndb.v1.oval:var:121"/>
          <check-content-ref href="https://jvndb.jvn.jp/myjvn?method=getOvalData&amp;ovalId=oval:jp.jvn.jvndb.v1.oval:def:12" name="oval:jp.jvn.jvndb.v1.oval:def:12"/>
        </check>
        <jvndef:display_units>
          <jvndef:title>Lhaplus</jvndef:title>
          <jvndef:description/>
        </jvndef:display_units>
        <jvndef:display_policy type="0"/>
        <jvndef:display_detail type="0"/>
      </Rule>
      <Rule id="LibreOffice-win-32">
        <title>LibreOffice-win-32</title>
        <description>LibreOffice-win-32</description>
        <reference/>
        <check system="http://oval.mitre.org/XMLSchema/ovaldefinitions-5">
          <check-export value-id="LibreOffice-win-32_var" export-name="oval:jp.jvn.jvndb.v1.oval:var:2441"/>
          <check-content-ref href="https://jvndb.jvn.jp/myjvn?method=getOvalData&amp;ovalId=oval:jp.jvn.jvndb.v1.oval:def:244" name="oval:jp.jvn.jvndb.v1.oval:def:244"/>
        </check>
        <jvndef:display_units>
          <jvndef:title>LibreOffice</jvndef:title>
          <jvndef:description/>
        </jvndef:display_units>
        <jvndef:display_policy type="0"/>
        <jvndef:display_detail type="0"/>
      </Rule>
      <Rule id="Lunascape-win">
        <title>Lunascape-win</title>
        <description>Lunascape-win</description>
        <reference/>
        <check system="http://oval.mitre.org/XMLSchema/ovaldefinitions-5">
          <check-export value-id="Lunascape-win_var" export-name="oval:jp.jvn.jvndb.v1.oval:var:621"/>
          <check-content-ref href="https://jvndb.jvn.jp/myjvn?method=getOvalData&amp;ovalId=oval:jp.jvn.jvndb.v1.oval:def:62" name="oval:jp.jvn.jvndb.v1.oval:def:62"/>
        </check>
        <jvndef:display_units>
          <jvndef:title>Lunascape</jvndef:title>
          <jvndef:description/>
        </jvndef:display_units>
        <jvndef:display_policy type="0"/>
        <jvndef:display_detail type="1"/>
      </Rule>
      <Rule id="Mozilla_Firefox-win">
        <title>Mozilla Firefox-win</title>
        <description>Mozilla Firefox-win</description>
        <reference/>
        <check system="http://oval.mitre.org/XMLSchema/ovaldefinitions-5">
          <check-export value-id="Mozilla_Firefox-win_var" export-name="oval:jp.jvn.jvndb.v1.oval:var:91"/>
          <check-content-ref href="https://jvndb.jvn.jp/myjvn?method=getOvalData&amp;ovalId=oval:jp.jvn.jvndb.v1.oval:def:9" name="oval:jp.jvn.jvndb.v1.oval:def:9"/>
        </check>
        <jvndef:display_units>
          <jvndef:title>Mozilla Firefox</jvndef:title>
          <jvndef:description/>
        </jvndef:display_units>
        <jvndef:display_policy type="0"/>
        <jvndef:display_detail type="0"/>
      </Rule>
      <Rule id="Mozilla_Thunderbird-win">
        <title>Mozilla Thunderbird-win</title>
        <description>Mozilla Thunderbird-win</description>
        <reference/>
        <check system="http://oval.mitre.org/XMLSchema/ovaldefinitions-5">
          <check-export value-id="Mozilla_Thunderbird-win_var" export-name="oval:jp.jvn.jvndb.v1.oval:var:131"/>
          <check-content-ref href="https://jvndb.jvn.jp/myjvn?method=getOvalData&amp;ovalId=oval:jp.jvn.jvndb.v1.oval:def:13" name="oval:jp.jvn.jvndb.v1.oval:def:13"/>
        </check>
        <jvndef:display_units>
          <jvndef:title>Mozilla Thunderbird</jvndef:title>
          <jvndef:description/>
        </jvndef:display_units>
        <jvndef:display_policy type="0"/>
        <jvndef:display_detail type="0"/>
      </Rule>
      <Rule id="OpenOffice.org-win-32">
        <title>OpenOffice.org-win-32</title>
        <description>OpenOffice.org-win-32</description>
        <reference/>
        <check system="http://oval.mitre.org/XMLSchema/ovaldefinitions-5">
          <check-export value-id="OpenOffice.org-win-32_var" export-name="oval:jp.jvn.jvndb.v1.oval:var:1961"/>
          <check-content-ref href="https://jvndb.jvn.jp/myjvn?method=getOvalData&amp;ovalId=oval:jp.jvn.jvndb.v1.oval:def:196" name="oval:jp.jvn.jvndb.v1.oval:def:196"/>
        </check>
        <jvndef:display_units>
          <jvndef:title>OpenOffice.org</jvndef:title>
          <jvndef:description/>
        </jvndef:display_units>
        <jvndef:display_policy type="0"/>
        <jvndef:display_detail type="1"/>
      </Rule>
      <Rule id="QuickTime-win-32">
        <title>QuickTime-win-32</title>
        <description>QuickTime-win-32</description>
        <reference/>
        <check system="http://oval.mitre.org/XMLSchema/ovaldefinitions-5">
          <check-export value-id="QuickTime-win-32_var" export-name="oval:jp.jvn.jvndb.v1.oval:var:111"/>
          <check-content-ref href="https://jvndb.jvn.jp/myjvn?method=getOvalData&amp;ovalId=oval:jp.jvn.jvndb.v1.oval:def:11" name="oval:jp.jvn.jvndb.v1.oval:def:11"/>
        </check>
        <jvndef:display_units>
          <jvndef:title>QuickTime</jvndef:title>
          <jvndef:description/>
        </jvndef:display_units>
        <jvndef:display_policy type="0"/>
        <jvndef:display_detail type="1"/>
      </Rule>
      <Rule id="VMware_Player-win-32">
        <title>VMware Player-win-32</title>
        <description>VMware Player-win-32</description>
        <reference/>
        <check system="http://oval.mitre.org/XMLSchema/ovaldefinitions-5">
          <check-export value-id="VMware_Player-win-32_var" export-name="oval:jp.jvn.jvndb.v1.oval:var:2001"/>
          <check-content-ref href="https://jvndb.jvn.jp/myjvn?method=getOvalData&amp;ovalId=oval:jp.jvn.jvndb.v1.oval:def:200" name="oval:jp.jvn.jvndb.v1.oval:def:200"/>
        </check>
        <jvndef:display_units>
          <jvndef:title>VMware Player</jvndef:title>
          <jvndef:description/>
        </jvndef:display_units>
        <jvndef:display_policy type="0"/>
        <jvndef:display_detail type="0"/>
      </Rule>
    </Group>
  </Benchmark>
