<?xml version="1.0" encoding="UTF-8" ?>
   <Benchmark id="win8-32-sc" xml:lang="jp" xmlns:xsi="http://www.w3.org/2001/XMLSchema-instance" xmlns="http://checklists.nist.gov/xccdf/1.1" xmlns:cdf="http://checklists.nist.gov/xccdf/1.1" xmlns:cpe="http://cpe.mitre.org/XMLSchema/cpe/1.0" xmlns:dc="http://purl.org/dc/elements/1.1/" xmlns:dsig="http://www.w3.org/2000/09/xmldsig#" xmlns:xhtml="http://www.w3.org/1999/xhtml" xmlns:jvndef="http://jvndb.jvn.jp/myjvn/jvndefinitions" xsi:schemaLocation="http://checklists.nist.gov/xccdf/1.1 https://jvndb.jvn.jp/schema/xccdf-1.1.4.xsd http://jvndb.jvn.jp/myjvn/jvndefinitions https://jvndb.jvn.jp/schema/jvndefinitions_0.2.xsd">
    <status date="2012-10-11">draft</status>
    <title>参考値</title>
    <description>Windows systems</description>
    <reference href="https://jvndb.jvn.jp/ja/apis/myjvn/">
      <dc:title>Windows チェックリスト</dc:title>
      <dc:creator>セキュリティ部</dc:creator>
      <dc:publisher>Information Promotion Agency, Japan</dc:publisher>
      <dc:identifier>https://jvndb.jvn.jp/ja/apis/myjvn/</dc:identifier>
    </reference>
    <version>1.0</version>
    <Profile id="win8-32-sc">
      <title>参考値</title>
      <description>Windows systems</description>
      <select idref="RuleID169" selected="1"/>
      <refine-value idref="RuleID169_var"/>
    </Profile>
    <Group id="GroupID4">
      <title>USBデバイス</title>
      <description>USBデバイス</description>
      <Value id="RuleID169_var" type="string" operator="equals">
        <title>自動実行の有無</title>
        <description>USBメモリの自動実行機能を無効にすることを推奨します。&lt;br&gt;以下のURLを参照しUSBの自動実行機能の有無を変更してください。&lt;br&gt;&lt;a href='https://jvndb.jvn.jp/apis/myjvn/scchecklist.html#rid10'&gt;設定変更方法はこちら&lt;/a&gt;</description>
        <value/>
        <value selector="win8-32-sc">255</value>
        <jvndef:display_units>
          <jvndef:unit_and operand="4" trueresult="無効" falseresult="有効"/>
          <jvndef:description/>
        </jvndef:display_units>
      </Value>
      <Rule id="RuleID169">
        <title>USBデバイス自動起動の有無(Windows 7)</title>
        <description>このセキュリティ設定は、自動実行をオンにすると、USBメモリをコンピュータに挿入した際に、メモリの内容に従った処理が自動実行されます。&lt;br&gt;自動実行をオフにすると、USBメモリをコンピュータに挿入しても、自動的には実行されなくなります。</description>
        <reference>CCE-9528-1</reference>
        <check system="http://oval.mitre.org/XMLSchema/ovaldefinitions-5">
          <check-export value-id="RuleID169_var" export-name="oval:jp.jvn.jvndb.v1.oval:var:431"/>
          <check-content-ref href="https://jvndb.jvn.jp/myjvn?method=getOvalData&amp;ovalId=oval:jp.jvn.jvndb.v1.oval:def:43" name="oval:jp.jvn.jvndb.v1.oval:def:43"/>
        </check>
        <jvndef:display_units>
          <jvndef:title>USBデバイス自動起動の有無</jvndef:title>
          <jvndef:description/>
        </jvndef:display_units>
      </Rule>
    </Group>
  </Benchmark>
