<?xml version="1.0" encoding="UTF-8" ?>
   <Benchmark id="WindowsXP-PCIDSS-2009" xml:lang="jp" xmlns:xsi="http://www.w3.org/2001/XMLSchema-instance" xmlns="http://checklists.nist.gov/xccdf/1.1" xmlns:cdf="http://checklists.nist.gov/xccdf/1.1" xmlns:cpe="http://cpe.mitre.org/XMLSchema/cpe/1.0" xmlns:dc="http://purl.org/dc/elements/1.1/" xmlns:dsig="http://www.w3.org/2000/09/xmldsig#" xmlns:xhtml="http://www.w3.org/1999/xhtml" xmlns:jvndef="http://jvndb.jvn.jp/myjvn/jvndefinitions" xsi:schemaLocation="http://checklists.nist.gov/xccdf/1.1 https://jvndb.jvn.jp/schema/xccdf-1.1.4.xsd http://jvndb.jvn.jp/myjvn/jvndefinitions https://jvndb.jvn.jp/schema/jvndefinitions_0.2.xsd">
    <status date="2011-06-10">accepted</status>
    <title>推奨値</title>
    <description>Windows systems</description>
    <reference href="https://jvndb.jvn.jp/ja/apis/myjvn/">
      <dc:title>Windows チェックリスト</dc:title>
      <dc:creator>セキュリティ部</dc:creator>
      <dc:publisher>Information Promotion Agency, Japan</dc:publisher>
      <dc:identifier>https://jvndb.jvn.jp/ja/apis/myjvn/</dc:identifier>
    </reference>
    <version>PCIDSS-2009</version>
    <Profile id="WindowsXP-PCIDSS-2009">
      <title>推奨値</title>
      <description>Windows systems</description>
      <select idref="RuleID1" selected="1"/>
      <select idref="RuleID2" selected="1"/>
      <select idref="RuleID3" selected="1"/>
      <select idref="RuleID5" selected="1"/>
      <select idref="RuleID7" selected="1"/>
      <refine-value idref="RuleID1_var"/>
      <refine-value idref="RuleID2_var"/>
      <refine-value idref="RuleID3_var"/>
      <refine-value idref="RuleID5_var"/>
      <refine-value idref="RuleID7_var"/>
    </Profile>
    <Group id="GroupID1">
      <title>パスワードポリシー</title>
      <description>パスワードポリシー</description>
      <Value id="RuleID1_var" type="number" operator="greater than or equal">
        <title>パスワードの長さ</title>
        <description>推奨しているパスワードの最低文字数設定は7文字以上です。&lt;br&gt;以下のURLを参照しパスワードの最低文字数設定を変更してください。&lt;br&gt;&lt;a href='https://jvndb.jvn.jp/apis/myjvn/sc_productDetails.html#product1'&gt;設定変更方法はこちら&lt;/a&gt;</description>
        <value/>
        <value selector="WindowsXP-PCIDSS-2009">7</value>
        <jvndef:display_units>
          <jvndef:unit_name unit="文字"/>
          <jvndef:description/>
        </jvndef:display_units>
      </Value>
      <Value id="RuleID2_var" type="number" operator="less than or equal">
        <title>パスワードの有効期間</title>
        <description>推奨しているパスワードの有効期間は90日以内です。&lt;br&gt;以下のURLを参照しパスワードの有効期間を変更してください。&lt;br&gt;&lt;a href='https://jvndb.jvn.jp/apis/myjvn/sc_productDetails.html#product2'&gt;設定変更方法はこちら&lt;/a&gt;</description>
        <value/>
        <value selector="WindowsXP-PCIDSS-2009">90</value>
        <jvndef:display_units>
          <jvndef:unit_time from="day" to="day" unit="日"/>
          <jvndef:description/>
        </jvndef:display_units>
      </Value>
      <Value id="RuleID3_var" type="number" operator="greater than or equal">
        <title>パスワードの履歴を記録</title>
        <description>推奨しているパスワードの履歴数は4個以上です。&lt;br&gt;以下のURLを参照し記録するパスワードの履歴数を変更してください。&lt;br&gt;&lt;a href='https://jvndb.jvn.jp/apis/myjvn/sc_productDetails.html#product3'&gt;設定変更方法はこちら&lt;/a&gt;</description>
        <value/>
        <value selector="WindowsXP-PCIDSS-2009">4</value>
        <jvndef:display_units>
          <jvndef:unit_name unit="個"/>
          <jvndef:description/>
        </jvndef:display_units>
      </Value>
      <Rule id="RuleID1">
        <title>パスワードの長さ (Windows XP)</title>
        <description>このセキュリティ設定は、Windows XP ログインの際に使用するパスワードの長さについて、指定された文字数以上のパスワードの長さ&lt;br&gt;のみを受入れるようポリシー設定されているかを確認しています（&lt;a href='https://jvndb.jvn.jp/apis/myjvn/cccheck/cce_password.html#myjvnapp03'&gt;「チェック方法の解説」&lt;/a&gt;参照）。</description>
        <reference>CCE-2981-9</reference>
        <check system="http://oval.mitre.org/XMLSchema/ovaldefinitions-5">
          <check-export value-id="RuleID1_var" export-name="oval:jp.jvn.jvndb.v1.oval:var:341"/>
          <check-content-ref href="https://jvndb.jvn.jp/myjvn?method=getOvalData&amp;ovalId=oval:jp.jvn.jvndb.v1.oval:def:34" name="oval:jp.jvn.jvndb.v1.oval:def:34"/>
        </check>
        <jvndef:display_units>
          <jvndef:title>パスワードの長さ</jvndef:title>
          <jvndef:description/>
        </jvndef:display_units>
      </Rule>
      <Rule id="RuleID2">
        <title>パスワードの有効期間 (Windows XP)</title>
        <description>このセキュリティ設定は、Windows XP ログインの際に使用するパスワードの有効期間について、指定された日数を上回る有効期間を&lt;br&gt;受入れないようポリシー設定されているかを確認しています（&lt;a href='https://jvndb.jvn.jp/apis/myjvn/cccheck/cce_password.html#myjvnapp03'&gt;「チェック方法の解説」&lt;/a&gt;参照）。</description>
        <reference>CCE-2920-7</reference>
        <check system="http://oval.mitre.org/XMLSchema/ovaldefinitions-5">
          <check-export value-id="RuleID2_var" export-name="oval:jp.jvn.jvndb.v1.oval:var:351"/>
          <check-content-ref href="https://jvndb.jvn.jp/myjvn?method=getOvalData&amp;ovalId=oval:jp.jvn.jvndb.v1.oval:def:35" name="oval:jp.jvn.jvndb.v1.oval:def:35"/>
        </check>
        <jvndef:display_units>
          <jvndef:title>パスワードの有効期間</jvndef:title>
          <jvndef:description/>
        </jvndef:display_units>
      </Rule>
      <Rule id="RuleID3">
        <title>パスワードの履歴を記録する (Windows XP)</title>
        <description>このセキュリティ設定は、Windows XP ログインの際に使用するパスワードの履歴管理について、同じパスワードを連続して使えない&lt;br&gt;回数が、指定された回数以上となるようポリシー設定されているかを確認しています（&lt;a href='https://jvndb.jvn.jp/apis/myjvn/cccheck/cce_password.html#myjvnapp03'&gt;「チェック方法の解説」&lt;/a&gt;参照）。</description>
        <reference>CCE-2994-2</reference>
        <check system="http://oval.mitre.org/XMLSchema/ovaldefinitions-5">
          <check-export value-id="RuleID3_var" export-name="oval:jp.jvn.jvndb.v1.oval:var:361"/>
          <check-content-ref href="https://jvndb.jvn.jp/myjvn?method=getOvalData&amp;ovalId=oval:jp.jvn.jvndb.v1.oval:def:36" name="oval:jp.jvn.jvndb.v1.oval:def:36"/>
        </check>
        <jvndef:display_units>
          <jvndef:title>パスワードの履歴を記録する</jvndef:title>
          <jvndef:description/>
        </jvndef:display_units>
      </Rule>
    </Group>
    <Group id="GroupID2">
      <title>アカウントロックアウトポリシー</title>
      <description>アカウントロックアウトポリシー</description>
      <Value id="RuleID5_var" type="number" operator="less than or equal">
        <title>アカウントのロックアウトのしきい値</title>
        <description>推奨しているログオンできなくなるまでのパスワード入力失敗回数は6回以内です。&lt;br&gt;以下のURLを参照しログオンできなくなるまでのパスワード入力失敗回数を変更してください。&lt;br&gt;&lt;a href='https://jvndb.jvn.jp/apis/myjvn/sc_productDetails.html#product5'&gt;設定変更方法はこちら&lt;/a&gt;</description>
        <value/>
        <value selector="WindowsXP-PCIDSS-2009">6</value>
        <jvndef:display_units>
          <jvndef:unit_name unit="回"/>
          <jvndef:description/>
        </jvndef:display_units>
      </Value>
      <Value id="RuleID7_var" type="number" operator="greater than or equal">
        <title>ロックアウト期間</title>
        <description>推奨しているログオン不可状態からの復旧時間は30分以上です。&lt;br&gt;以下のURLを参照しログオン不可状態からの復旧時間を変更してください。&lt;br&gt;&lt;a href='https://jvndb.jvn.jp/apis/myjvn/sc_productDetails.html#product7'&gt;設定変更方法はこちら&lt;/a&gt;</description>
        <value/>
        <value selector="WindowsXP-PCIDSS-2009">1800</value>
        <jvndef:display_units>
          <jvndef:unit_time from="second" to="minute" unit="分"/>
          <jvndef:description/>
        </jvndef:display_units>
      </Value>
      <Rule id="RuleID5">
        <title>アカウントのロックアウトのしきい値 (Windows XP)</title>
        <description>このセキュリティ設定は、Windows XP ログインの際にログオンできなくなるまでのパスワード入力失敗回数について、アカウントの&lt;br&gt;ロックアウトのしきい値として、指定された回数以内となるようポリシー設定されているかを確認しています（&lt;a href='https://jvndb.jvn.jp/apis/myjvn/cccheck/cce_password.html#myjvnapp03'&gt;「チェック方法の解説」&lt;/a&gt;参照）。</description>
        <reference>CCE-2986-8</reference>
        <check system="http://oval.mitre.org/XMLSchema/ovaldefinitions-5">
          <check-export value-id="RuleID5_var" export-name="oval:jp.jvn.jvndb.v1.oval:var:381"/>
          <check-content-ref href="https://jvndb.jvn.jp/myjvn?method=getOvalData&amp;ovalId=oval:jp.jvn.jvndb.v1.oval:def:38" name="oval:jp.jvn.jvndb.v1.oval:def:38"/>
        </check>
        <jvndef:display_units>
          <jvndef:title>アカウントのロックアウトのしきい値</jvndef:title>
          <jvndef:description/>
        </jvndef:display_units>
      </Rule>
      <Rule id="RuleID7">
        <title>ロックアウト期間 (Windows XP)</title>
        <description>このセキュリティ設定は、Windows XP ログインの際にパスワード入力失敗回数のリセットまでの期間について、ロックアウトされた&lt;br&gt;アカウントが自動的にロック解除されるまでの期間として、指定期間以上となるようポリシー設定されているかを確認しています（&lt;a href='https://jvndb.jvn.jp/apis/myjvn/cccheck/cce_password.html#myjvnapp03'&gt;「チェック方法の解説」&lt;/a&gt;参照）。</description>
        <reference>CCE-2928-0</reference>
        <check system="http://oval.mitre.org/XMLSchema/ovaldefinitions-5">
          <check-export value-id="RuleID7_var" export-name="oval:jp.jvn.jvndb.v1.oval:var:401"/>
          <check-content-ref href="https://jvndb.jvn.jp/myjvn?method=getOvalData&amp;ovalId=oval:jp.jvn.jvndb.v1.oval:def:40" name="oval:jp.jvn.jvndb.v1.oval:def:40"/>
        </check>
        <jvndef:display_units>
          <jvndef:title>ロックアウト期間</jvndef:title>
          <jvndef:description/>
        </jvndef:display_units>
      </Rule>
    </Group>
  </Benchmark>
