<?xml version="1.0" encoding="UTF-8" ?>
   <Benchmark id="winvista-32-vc" xml:lang="jp" xmlns:xsi="http://www.w3.org/2001/XMLSchema-instance" xmlns="http://checklists.nist.gov/xccdf/1.1" xmlns:cdf="http://checklists.nist.gov/xccdf/1.1" xmlns:cpe="http://cpe.mitre.org/XMLSchema/cpe/1.0" xmlns:dc="http://purl.org/dc/elements/1.1/" xmlns:dsig="http://www.w3.org/2000/09/xmldsig#" xmlns:xhtml="http://www.w3.org/1999/xhtml" xmlns:jvndef="http://jvndb.jvn.jp/myjvn/jvndefinitions" xsi:schemaLocation="http://checklists.nist.gov/xccdf/1.1 https://jvndb.jvn.jp/schema/xccdf-1.1.4.xsd http://jvndb.jvn.jp/myjvn/jvndefinitions https://jvndb.jvn.jp/schema/jvndefinitions_0.2.xsd">
    <status date="2016-12-14">draft</status>
    <title>参考値</title>
    <description>Windows systems</description>
    <reference href="https://jvndb.jvn.jp/ja/apis/myjvn/">
      <dc:title>Windows チェックリスト</dc:title>
      <dc:creator>セキュリティ部</dc:creator>
      <dc:publisher>Information Promotion Agency, Japan</dc:publisher>
      <dc:identifier>https://jvndb.jvn.jp/ja/apis/myjvn/</dc:identifier>
    </reference>
    <version>1.0</version>
    <Profile id="winvista-32-vc">
      <title>参考値</title>
      <description>Windows systems</description>
      <select idref="Adobe_Flash_Player__ActiveX_-win" selected="1"/>
      <select idref="Adobe_Flash_Player__Plug-in_-win" selected="1"/>
      <select idref="Adobe_Reader-win-32" selected="1"/>
      <select idref="Flash_Player" selected="1"/>
      <select idref="Becky__Internet_Mailr-win-32" selected="1"/>
      <select idref="GoogleChrome-win-32" selected="1"/>
      <select idref="iTunes-win-32" selected="1"/>
      <select idref="JRE1.6-win-32" selected="1"/>
      <select idref="Lhaplus-win" selected="1"/>
      <select idref="LibreOffice-win-32" selected="1"/>
      <select idref="Lunascape-win" selected="1"/>
      <select idref="Mozilla_Firefox-win" selected="1"/>
      <select idref="Mozilla_Thunderbird-win" selected="1"/>
      <select idref="OpenOffice.org-win-32" selected="1"/>
      <select idref="QuickTime-win-32" selected="1"/>
      <select idref="VMware_Player-win-32" selected="1"/>
      <refine-value idref="Adobe_Flash_Player__ActiveX_-win_var"/>
      <refine-value idref="Adobe_Flash_Player__Plug-in_-win_var"/>
      <refine-value idref="Adobe_Reader-win-32_var"/>
      <refine-value idref="Flash_Player_var"/>
      <refine-value idref="Becky__Internet_Mailr-win-32_var"/>
      <refine-value idref="GoogleChrome-win-32_var"/>
      <refine-value idref="iTunes-win-32_var"/>
      <refine-value idref="JRE1.6-win-32_var"/>
      <refine-value idref="Lhaplus-win_var"/>
      <refine-value idref="LibreOffice-win-32_var"/>
      <refine-value idref="Lunascape-win_var"/>
      <refine-value idref="Mozilla_Firefox-win_var"/>
      <refine-value idref="Mozilla_Thunderbird-win_var"/>
      <refine-value idref="OpenOffice.org-win-32_var"/>
      <refine-value idref="QuickTime-win-32_var"/>
      <refine-value idref="VMware_Player-win-32_var"/>
    </Profile>
    <Group id="versioncheck">
      <title>バージョンチェック</title>
      <description>バージョンチェック</description>
      <Value id="Adobe_Flash_Player__ActiveX_-win_var" type="string" operator="equals">
        <title>Adobe Flash Player (ActiveX)-win</title>
        <description>Adobe Flash Player (ActiveX)-win</description>
        <value/>
        <value selector="winvista-32-vc">1</value>
      </Value>
      <Value id="Adobe_Flash_Player__Plug-in_-win_var" type="string" operator="equals">
        <title>Adobe Flash Player (Plug-in)-win</title>
        <description>Adobe Flash Player (Plug-in)-win</description>
        <value/>
        <value selector="winvista-32-vc">Adobe Flash Player (Plug-in)-win</value>
      </Value>
      <Value id="Adobe_Reader-win-32_var" type="string" operator="equals">
        <title>Adobe Reader-win-32</title>
        <description>Adobe Reader-win-32</description>
        <value/>
        <value selector="winvista-32-vc">Adobe Reader-win-32</value>
      </Value>
      <Value id="Flash_Player_var" type="string" operator="equals">
        <title>Adobe Shockwave Player</title>
        <description>Adobe Shockwave Player</description>
        <value/>
        <value selector="winvista-32-vc">Shockwave</value>
      </Value>
      <Value id="Becky__Internet_Mailr-win-32_var" type="string" operator="equals">
        <title>Becky! Internet Mailr-win-32</title>
        <description>Becky! Internet Mailr-win-32</description>
        <value/>
        <value selector="winvista-32-vc">Becky! Internet Mailr-win-32</value>
      </Value>
      <Value id="GoogleChrome-win-32_var" type="string" operator="equals">
        <title>GoogleChrome-win</title>
        <description>GoogleChrome-win</description>
        <value/>
        <value selector="winvista-32-vc">GoogleChrome-win</value>
      </Value>
      <Value id="iTunes-win-32_var" type="string" operator="equals">
        <title>iTunes-win-32</title>
        <description>iTunes-win-32</description>
        <value/>
        <value selector="winvista-32-vc">iTunes-win-32</value>
      </Value>
      <Value id="JRE1.6-win-32_var" type="string" operator="equals">
        <title>JRE1.6-win-32</title>
        <description>JRE1.6-win-32</description>
        <value/>
        <value selector="winvista-32-vc">JRE1.6-win-32</value>
      </Value>
      <Value id="Lhaplus-win_var" type="string" operator="equals">
        <title>Lhaplus-win</title>
        <description>Lhaplus-win</description>
        <value/>
        <value selector="winvista-32-vc">Lhaplus-win</value>
      </Value>
      <Value id="LibreOffice-win-32_var" type="string" operator="equals">
        <title>LibreOffice-win</title>
        <description>LibreOffice-win</description>
        <value/>
        <value selector="winvista-32-vc">LibreOffice-win</value>
      </Value>
      <Value id="Lunascape-win_var" type="string" operator="equals">
        <title>Lunascape-win</title>
        <description>Lunascape-win</description>
        <value/>
        <value selector="winvista-32-vc">Lunascape-win</value>
      </Value>
      <Value id="Mozilla_Firefox-win_var" type="string" operator="equals">
        <title>Mozilla Firefox-win</title>
        <description>Mozilla Firefox-win</description>
        <value/>
        <value selector="winvista-32-vc">Mozilla Firefox-win</value>
      </Value>
      <Value id="Mozilla_Thunderbird-win_var" type="string" operator="equals">
        <title>Mozilla Thunderbird-win</title>
        <description>Mozilla Thunderbird-win</description>
        <value/>
        <value selector="winvista-32-vc">Mozilla Thunderbird-win</value>
      </Value>
      <Value id="OpenOffice.org-win-32_var" type="string" operator="equals">
        <title>OpenOffice.org-win-32</title>
        <description>OpenOffice.org-win-32</description>
        <value/>
        <value selector="winvista-32-vc">OpenOffice.org-win-32</value>
      </Value>
      <Value id="QuickTime-win-32_var" type="string" operator="equals">
        <title>QuickTime-win-32</title>
        <description>QuickTime-win-32</description>
        <value/>
        <value selector="winvista-32-vc">QuickTime-win-32</value>
      </Value>
      <Value id="VMware_Player-win-32_var" type="string" operator="equals">
        <title>VMware Player-win-32</title>
        <description>VMware Player-win-32</description>
        <value/>
        <value selector="winvista-32-vc">VMware Player-win-32</value>
      </Value>
      <Rule id="Adobe_Flash_Player__ActiveX_-win">
        <title>Adobe Flash Player (ActiveX)-win</title>
        <description>Adobe Flash Player (ActiveX)-win</description>
        <reference/>
        <check system="http://oval.mitre.org/XMLSchema/ovaldefinitions-5">
          <check-export value-id="Adobe_Flash_Player__ActiveX_-win_var" export-name="oval:jp.jvn.jvndb.v1.oval:var:61"/>
          <check-content-ref href="https://jvndb.jvn.jp/myjvn?method=getOvalData&amp;ovalId=oval:jp.jvn.jvndb.v1.oval:def:6" name="oval:jp.jvn.jvndb.v1.oval:def:6"/>
        </check>
        <jvndef:display_units>
          <jvndef:title>Adobe Flash Player (ActiveX)</jvndef:title>
          <jvndef:description/>
        </jvndef:display_units>
        <jvndef:display_policy type="0"/>
        <jvndef:display_detail type="0"/>
      </Rule>
      <Rule id="Adobe_Flash_Player__Plug-in_-win">
        <title>Adobe Flash Player (Plug-in)-win</title>
        <description>Adobe Flash Player (Plug-in)-win</description>
        <reference/>
        <check system="http://oval.mitre.org/XMLSchema/ovaldefinitions-5">
          <check-export value-id="Adobe_Flash_Player__Plug-in_-win_var" export-name="oval:jp.jvn.jvndb.v1.oval:var:451"/>
          <check-content-ref href="https://jvndb.jvn.jp/myjvn?method=getOvalData&amp;ovalId=oval:jp.jvn.jvndb.v1.oval:def:45" name="oval:jp.jvn.jvndb.v1.oval:def:45"/>
        </check>
        <jvndef:display_units>
          <jvndef:title>Adobe Flash Player (Plug-in)</jvndef:title>
          <jvndef:description/>
        </jvndef:display_units>
        <jvndef:display_policy type="0"/>
        <jvndef:display_detail type="0"/>
      </Rule>
      <Rule id="Adobe_Reader-win-32">
        <title>Adobe Reader-win-32</title>
        <description>Adobe Reader-win-32</description>
        <reference/>
        <check system="http://oval.mitre.org/XMLSchema/ovaldefinitions-5">
          <check-export value-id="Adobe_Reader-win-32_var" export-name="oval:jp.jvn.jvndb.v1.oval:var:841"/>
          <check-content-ref href="https://jvndb.jvn.jp/myjvn?method=getOvalData&amp;ovalId=oval:jp.jvn.jvndb.v1.oval:def:84" name="oval:jp.jvn.jvndb.v1.oval:def:84"/>
        </check>
        <jvndef:display_units>
          <jvndef:title>Adobe Reader</jvndef:title>
          <jvndef:description/>
        </jvndef:display_units>
        <jvndef:display_policy type="0"/>
        <jvndef:display_detail type="1"/>
      </Rule>
      <Rule id="Flash_Player">
        <title>Adobe Shockwave Player</title>
        <description>Adobe Shockwave Player 11</description>
        <reference/>
        <check system="http://oval.mitre.org/XMLSchema/ovaldefinitions-5">
          <check-export value-id="Flash_Player_var" export-name="oval:jp.jvn.jvndb.v1.oval:var:1441"/>
          <check-content-ref href="https://jvndb.jvn.jp/myjvn?method=getOvalData&amp;ovalId=oval:jp.jvn.jvndb.v1.oval:def:144" name="oval:jp.jvn.jvndb.v1.oval:def:144"/>
        </check>
        <jvndef:display_units>
          <jvndef:title>Adobe Shockwave Player</jvndef:title>
          <jvndef:description/>
        </jvndef:display_units>
        <jvndef:display_policy type="0"/>
        <jvndef:display_detail type="0"/>
      </Rule>
      <Rule id="Becky__Internet_Mailr-win-32">
        <title>Becky! Internet Mailr-win-32</title>
        <description>Becky! Internet Mailr-win-32</description>
        <reference/>
        <check system="http://oval.mitre.org/XMLSchema/ovaldefinitions-5">
          <check-export value-id="Becky__Internet_Mailr-win-32_var" export-name="oval:jp.jvn.jvndb.v1.oval:var:1921"/>
          <check-content-ref href="https://jvndb.jvn.jp/myjvn?method=getOvalData&amp;ovalId=oval:jp.jvn.jvndb.v1.oval:def:192" name="oval:jp.jvn.jvndb.v1.oval:def:192"/>
        </check>
        <jvndef:display_units>
          <jvndef:title>Becky! Internet Mail</jvndef:title>
          <jvndef:description/>
        </jvndef:display_units>
        <jvndef:display_policy type="0"/>
        <jvndef:display_detail type="1"/>
      </Rule>
      <Rule id="GoogleChrome-win-32">
        <title>Google Chrome-win-32</title>
        <description>Google Chrome-win-32</description>
        <reference/>
        <check system="http://oval.mitre.org/XMLSchema/ovaldefinitions-5">
          <check-export value-id="GoogleChrome-win-32_var" export-name="oval:jp.jvn.jvndb.v1.oval:var:2481"/>
          <check-content-ref href="https://jvndb.jvn.jp/myjvn?method=getOvalData&amp;ovalId=oval:jp.jvn.jvndb.v1.oval:def:248" name="oval:jp.jvn.jvndb.v1.oval:def:248"/>
        </check>
        <jvndef:display_units>
          <jvndef:title>Google Chrome</jvndef:title>
          <jvndef:description/>
        </jvndef:display_units>
        <jvndef:display_policy type="0"/>
        <jvndef:display_detail type="0"/>
      </Rule>
      <Rule id="iTunes-win-32">
        <title>iTunes-win-32</title>
        <description>iTunes-win-32</description>
        <reference/>
        <check system="http://oval.mitre.org/XMLSchema/ovaldefinitions-5">
          <check-export value-id="iTunes-win-32_var" export-name="oval:jp.jvn.jvndb.v1.oval:var:2401"/>
          <check-content-ref href="https://jvndb.jvn.jp/myjvn?method=getOvalData&amp;ovalId=oval:jp.jvn.jvndb.v1.oval:def:240" name="oval:jp.jvn.jvndb.v1.oval:def:240"/>
        </check>
        <jvndef:display_units>
          <jvndef:title>iTunes</jvndef:title>
          <jvndef:description/>
        </jvndef:display_units>
        <jvndef:display_policy type="0"/>
        <jvndef:display_detail type="0"/>
      </Rule>
      <Rule id="JRE1.6-win-32">
        <title>JRE1.6-win-32</title>
        <description>JRE1.6-win-32</description>
        <reference/>
        <check system="http://oval.mitre.org/XMLSchema/ovaldefinitions-5">
          <check-export value-id="JRE1.6-win-32_var" export-name="oval:jp.jvn.jvndb.v1.oval:var:31"/>
          <check-content-ref href="https://jvndb.jvn.jp/myjvn?method=getOvalData&amp;ovalId=oval:jp.jvn.jvndb.v1.oval:def:3" name="oval:jp.jvn.jvndb.v1.oval:def:3"/>
        </check>
        <jvndef:display_units>
          <jvndef:title>JRE</jvndef:title>
          <jvndef:description/>
        </jvndef:display_units>
        <jvndef:display_policy type="1"/>
        <jvndef:display_detail type="0"/>
      </Rule>
      <Rule id="Lhaplus-win">
        <title>Lhaplus-win</title>
        <description>Lhaplus-win</description>
        <reference/>
        <check system="http://oval.mitre.org/XMLSchema/ovaldefinitions-5">
          <check-export value-id="Lhaplus-win_var" export-name="oval:jp.jvn.jvndb.v1.oval:var:121"/>
          <check-content-ref href="https://jvndb.jvn.jp/myjvn?method=getOvalData&amp;ovalId=oval:jp.jvn.jvndb.v1.oval:def:12" name="oval:jp.jvn.jvndb.v1.oval:def:12"/>
        </check>
        <jvndef:display_units>
          <jvndef:title>Lhaplus</jvndef:title>
          <jvndef:description/>
        </jvndef:display_units>
        <jvndef:display_policy type="0"/>
        <jvndef:display_detail type="0"/>
      </Rule>
      <Rule id="LibreOffice-win-32">
        <title>LibreOffice-win-32</title>
        <description>LibreOffice-win-32</description>
        <reference/>
        <check system="http://oval.mitre.org/XMLSchema/ovaldefinitions-5">
          <check-export value-id="LibreOffice-win-32_var" export-name="oval:jp.jvn.jvndb.v1.oval:var:2441"/>
          <check-content-ref href="https://jvndb.jvn.jp/myjvn?method=getOvalData&amp;ovalId=oval:jp.jvn.jvndb.v1.oval:def:244" name="oval:jp.jvn.jvndb.v1.oval:def:244"/>
        </check>
        <jvndef:display_units>
          <jvndef:title>LibreOffice</jvndef:title>
          <jvndef:description/>
        </jvndef:display_units>
        <jvndef:display_policy type="0"/>
        <jvndef:display_detail type="0"/>
      </Rule>
      <Rule id="Lunascape-win">
        <title>Lunascape-win</title>
        <description>Lunascape-win</description>
        <reference/>
        <check system="http://oval.mitre.org/XMLSchema/ovaldefinitions-5">
          <check-export value-id="Lunascape-win_var" export-name="oval:jp.jvn.jvndb.v1.oval:var:621"/>
          <check-content-ref href="https://jvndb.jvn.jp/myjvn?method=getOvalData&amp;ovalId=oval:jp.jvn.jvndb.v1.oval:def:62" name="oval:jp.jvn.jvndb.v1.oval:def:62"/>
        </check>
        <jvndef:display_units>
          <jvndef:title>Lunascape</jvndef:title>
          <jvndef:description/>
        </jvndef:display_units>
        <jvndef:display_policy type="0"/>
        <jvndef:display_detail type="1"/>
      </Rule>
      <Rule id="Mozilla_Firefox-win">
        <title>Mozilla Firefox-win</title>
        <description>Mozilla Firefox-win</description>
        <reference/>
        <check system="http://oval.mitre.org/XMLSchema/ovaldefinitions-5">
          <check-export value-id="Mozilla_Firefox-win_var" export-name="oval:jp.jvn.jvndb.v1.oval:var:91"/>
          <check-content-ref href="https://jvndb.jvn.jp/myjvn?method=getOvalData&amp;ovalId=oval:jp.jvn.jvndb.v1.oval:def:9" name="oval:jp.jvn.jvndb.v1.oval:def:9"/>
        </check>
        <jvndef:display_units>
          <jvndef:title>Mozilla Firefox</jvndef:title>
          <jvndef:description/>
        </jvndef:display_units>
        <jvndef:display_policy type="0"/>
        <jvndef:display_detail type="0"/>
      </Rule>
      <Rule id="Mozilla_Thunderbird-win">
        <title>Mozilla Thunderbird-win</title>
        <description>Mozilla Thunderbird-win</description>
        <reference/>
        <check system="http://oval.mitre.org/XMLSchema/ovaldefinitions-5">
          <check-export value-id="Mozilla_Thunderbird-win_var" export-name="oval:jp.jvn.jvndb.v1.oval:var:131"/>
          <check-content-ref href="https://jvndb.jvn.jp/myjvn?method=getOvalData&amp;ovalId=oval:jp.jvn.jvndb.v1.oval:def:13" name="oval:jp.jvn.jvndb.v1.oval:def:13"/>
        </check>
        <jvndef:display_units>
          <jvndef:title>Mozilla Thunderbird</jvndef:title>
          <jvndef:description/>
        </jvndef:display_units>
        <jvndef:display_policy type="0"/>
        <jvndef:display_detail type="0"/>
      </Rule>
      <Rule id="OpenOffice.org-win-32">
        <title>OpenOffice.org-win-32</title>
        <description>OpenOffice.org-win-32</description>
        <reference/>
        <check system="http://oval.mitre.org/XMLSchema/ovaldefinitions-5">
          <check-export value-id="OpenOffice.org-win-32_var" export-name="oval:jp.jvn.jvndb.v1.oval:var:1961"/>
          <check-content-ref href="https://jvndb.jvn.jp/myjvn?method=getOvalData&amp;ovalId=oval:jp.jvn.jvndb.v1.oval:def:196" name="oval:jp.jvn.jvndb.v1.oval:def:196"/>
        </check>
        <jvndef:display_units>
          <jvndef:title>OpenOffice.org</jvndef:title>
          <jvndef:description/>
        </jvndef:display_units>
        <jvndef:display_policy type="0"/>
        <jvndef:display_detail type="1"/>
      </Rule>
      <Rule id="QuickTime-win-32">
        <title>QuickTime-win-32</title>
        <description>QuickTime-win-32</description>
        <reference/>
        <check system="http://oval.mitre.org/XMLSchema/ovaldefinitions-5">
          <check-export value-id="QuickTime-win-32_var" export-name="oval:jp.jvn.jvndb.v1.oval:var:111"/>
          <check-content-ref href="https://jvndb.jvn.jp/myjvn?method=getOvalData&amp;ovalId=oval:jp.jvn.jvndb.v1.oval:def:11" name="oval:jp.jvn.jvndb.v1.oval:def:11"/>
        </check>
        <jvndef:display_units>
          <jvndef:title>QuickTime</jvndef:title>
          <jvndef:description/>
        </jvndef:display_units>
        <jvndef:display_policy type="0"/>
        <jvndef:display_detail type="1"/>
      </Rule>
      <Rule id="VMware_Player-win-32">
        <title>VMware Player-win-32</title>
        <description>VMware Player-win-32</description>
        <reference/>
        <check system="http://oval.mitre.org/XMLSchema/ovaldefinitions-5">
          <check-export value-id="VMware_Player-win-32_var" export-name="oval:jp.jvn.jvndb.v1.oval:var:2001"/>
          <check-content-ref href="https://jvndb.jvn.jp/myjvn?method=getOvalData&amp;ovalId=oval:jp.jvn.jvndb.v1.oval:def:200" name="oval:jp.jvn.jvndb.v1.oval:def:200"/>
        </check>
        <jvndef:display_units>
          <jvndef:title>VMware Player</jvndef:title>
          <jvndef:description/>
        </jvndef:display_units>
        <jvndef:display_policy type="0"/>
        <jvndef:display_detail type="0"/>
      </Rule>
    </Group>
  </Benchmark>
