﻿<?xml version='1.0' encoding='UTF-8'?>
<errmsg>
  <XX000000>システムエラーが発生しました。</XX000000>
  <VC010030>コマンドラインの引数に誤りがあります。引数を確認してから再実行してください。</VC010030>
  <VC010031>オフライン環境での使用期限が過ぎています。最新の配布パッケージを入手してください。</VC010031>
  <VC010018>ベンチマークIDを指定してください。</VC010018>
  <VC020002>ソフトウェア製品名またはチェック項目を選択してください。</VC020002>
  <VC020025>ソフトウェア製品名を選択してください。</VC020025>
  <VC020019>チェック項目を選択してください。</VC020019>
  <VC030003>OVALデータにチェック対象のOVALIDの指定がありません。OVALデータの定義を確認してから再実行してください。</VC030003>
  <VC030015>チェック対象のOVALデータが見つかりません。環境を確認してから再実行してください。</VC030015>
  <VC030005>バージョンチェック用OVALデータのフォーマットに無効な値があります。</VC030005>
  <VC030006>OVALデータの定義に誤りがあります。OVALデータを確認してから再実行してください。</VC030006>
  <VC030020>ベンチマークIDに対応するXCCDFデータが見つかりません。ベンチマークIDの指定を見直してから再実行してください。</VC030020>
  <VC030021>XCCDFデータに定義した情報に誤りがあります。XCCDFデータを確認してから再実行してください。</VC030021>
  <VC030022>XCCDFデータの書式に誤りがあります。XCCDFデータを確認してから再実行してください。</VC030022>
  <VC040007>XCCDFデータ取得時にエラーが発生しました。時間をおいてから再実行してください。</VC040007>
  <VC040008>OVALデータに定義した情報に誤りがあります。OVALデータを確認してから再実行してください。</VC040008>
  <VC040010>OVALデータの書式に誤りがあります。時間をおいてから再実行してください。</VC040010>
  <VC040011>OVALデータの書式に誤りがあります。OVALデータを確認してから再実行してください。</VC040011>
  <VC040012>OVALデータの参照時にエラーが発生しました。OVALデータを確認してから再実行してください。</VC040012>
  <VC040023>XCCDFデータの書式に誤りがあります。環境を確認してから再実行してください。</VC040023>
  <VC040013>設定ファイルの読み込みに失敗しました。環境を確認してから再実行してください。</VC040013>
  <VC090099>設定ファイルの書式に誤りがあります。設定ファイルを確認してから再実行してください。</VC090099>
  <VC040014>システムエラーが発生しました。</VC040014>
  <VC010033>チェック結果を出力できませんでした。出力先を確認してから再実行してください。</VC010033>
</errmsg>
