<?xml version="1.0" encoding="UTF-8"?>
<config>
  <common>
    <!-- ドメイン名：MyJVNサーバのURL(最後の「/」が必要) -->
    <domain>https://jvndb.jvn.jp/</domain>
    <!-- サーブレット名 -->
    <servlet>myjvn</servlet>
    <!-- 有効期限 -->
    <expiredDate>2019/03/01</expiredDate>
    <!-- ベンチマークID -->
    <defBenchmarkID>Windows-IPA-2009</defBenchmarkID>
  </common>
  <layout>
    <!-- チェックアドバイザのバージョンチェックエリアの最大行数：1以上の値 -->
    <allvcMaxLineNum>4</allvcMaxLineNum>
    <!-- チェックアドバイザのセキュリティチェックエリアの最大行数：1以上の値 -->
    <allscMaxLineNum>4</allscMaxLineNum>
    <!-- バージョンチェッカのバージョンチェックエリアの最大行数：1以上の値 -->
    <vcMaxLineNum>10</vcMaxLineNum>
    <!-- セキュリティ設定チェッカのセキュリティチェックエリアの最大行数：1以上の値 -->
    <scMaxLineNum>10</scMaxLineNum>
    <!-- 詳細情報エリアの最大行数：1以上の値 -->
    <dtMaxLineNum>8</dtMaxLineNum>
    <!-- 画面の幅（単位：ピクセル)：840以上の値 -->
    <screenSizeW>840</screenSizeW>
    <!-- 画面の高さ(単位：ピクセル)：200以上の値 -->
    <screenSizeH>600</screenSizeH>
  </layout>
  <ovallist>
    <!-- メソッド名 -->
    <methodname>getOvalList</methodname>
    <!-- 言語 -->
    <lang>ja</lang>
  </ovallist>
  <ovaldata>
    <!-- メソッド名 -->
    <methodname>getOvalData</methodname>
    <!-- 言語 -->
    <lang>ja</lang>
  </ovaldata>
  <oscheck>
    <!-- CPEカウント -->
    <cpecount>7</cpecount>
    <!-- CPE名 -->
    <cpename1>cpe:/o:microsoft:windows_xp</cpename1>
    <!-- CPE名のOVALID -->
    <value1>oval:jp.jvn.jvndb.v1.oval:def:1</value1>
  </oscheck>
  <xccdflist>
    <!-- メソッド名 -->
    <methodname>getXccdfData</methodname>
    <exceptzero1>oval:jp.jvn.jvndb.v1.oval:def:35</exceptzero1>
    <exceptzero2>oval:jp.jvn.jvndb.v1.oval:def:38</exceptzero2>
    <exceptzero3>oval:jp.jvn.jvndb.v1.oval:def:39</exceptzero3>
    <exceptzero4>oval:jp.jvn.jvndb.v1.oval:def:40</exceptzero4>
    <exceptzero5>oval:jp.jvn.jvndb.v1.oval:def:41</exceptzero5>
  </xccdflist>
  <checkresult>
    <!-- 最新版の場合の結果表示文字列 -->
    <latest>最新のバージョンです</latest>
    <!-- 最新版でない場合の結果表示文字列 -->
    <notlatest>最新のバージョンではありません</notlatest>
    <!-- インストールされていない場合の結果表示文字列 -->
    <notinstall>インストールされていないか、対象外のバージョンです</notinstall>
    <!-- チェック結果表示文字列（ポリシーを満たしている） -->
    <security>参考値を満たしています</security>
    <!-- チェック結果表示文字列（ポリシーを満たしていない） -->
    <danger>参考値を満たしていません</danger>
    <!-- 判定(○) -->
    <resultok>○</resultok>
    <!-- 判定(×) -->
    <resultng>×</resultng>
    <!-- 判定(―) -->
    <resultunknown>―</resultunknown>
  </checkresult>
  <v2modecpe>
    <v2_mode1>cpe:/a:sun:jre</v2_mode1>
  </v2modecpe>
  <labels>
    <!-- ウィンドウタイトル(統合モード) -->
    <titleAll>MyJVNチェック・アドバイザ</titleAll>
    <!-- ウィンドウタイトル(VCモード) -->
    <titleVc>MyJVNバージョンチェッカ</titleVc>
    <!-- ウィンドウタイトル(SCモード) -->
    <titleSc>MyJVNセキュリティ設定チェッカ</titleSc>
    <!-- コマンドボタン前のタイトル(統合モード) -->
    <toolNameAll>MyJVNチェック・ アドバイザ</toolNameAll>
    <!-- コマンドボタン前のタイトル(VCモード) -->
    <toolNameVc>MyJVNバージョンチェッカ</toolNameVc>
    <!-- コマンドボタン前のタイトル(SCモード) -->
    <toolNameSc>MyJVNセキュリティ設定チェッカ</toolNameSc>
    <!-- 動作モード(オフライン) -->
    <offlinemode>オフラインモード</offlinemode>
    <!-- 実行ボタン -->
    <button1>実行</button1>
    <!-- 終了ボタン -->
    <button2>終了</button2>
    <!-- 全てを選択ボタン -->
    <button3>全てを選択</button3>
    <!-- 選択をクリアボタン -->
    <button4>選択をクリア</button4>
    <!-- 結果出力ボタン -->
    <button5>結果出力</button5>
    <!-- 名前をつけて保存ダイアログ -->
    <savebutton>名前をつけて保存</savebutton>
    <!-- メインガイド(統合モード) -->
    <messageAll>MyJVNチェック・ アドバイザは、ご利用のPCにインストールされているソフトウェアのバージョンおよびPCのセキュリティ設定に関するチェックを行います。利用に関する情報は、&lt;a href="https://jvndb.jvn.jp/apis/myjvn/index.html"&gt;MyJVNのウェブページ&lt;/a&gt;を参照ください。</messageAll>
    <!-- メインガイド(VCモード) -->
    <messageVc>「選択」されたソフトウェア製品を「実行」することで、最新バージョンであるかをチェックします。「最新のバージョンではありません」と表示された場合には、表示ボタンを押下後ツール下部の内容を参考にして、ベンダから最新のバージョンを入手してください。 利用に関する情報は、&lt;a href="https://jvndb.jvn.jp/apis/myjvn/index.html"&gt;MyJVNのウェブページ&lt;a&gt;を参照ください。</messageVc>
    <!-- メインガイド(SCモード) -->
    <messageSc>「選択」されたチェック項目を「実行」することで、セキュリティに関するPC設定値が参考値を満たしているかをチェックします。「参考値を満たしていません」と表示された場合には、表示ボタンを押下後ツール下部の内容を参考にしてPC設定値を変更してください。 利用に関する情報は、&lt;a href="https://jvndb.jvn.jp/apis/myjvn/index.html"&gt;MyJVNのウェブページ&lt;a&gt;を参照ください。</messageSc>
    <!-- 統合モード起動時のバージョンチェック機能名称 -->
    <funcNameVc>バージョンチェック</funcNameVc>
    <!-- 統合モード起動時のバージョンチェック機能説明ガイド -->
    <funcDescVc>　　「選択」されたソフトウェア製品を「実行」することで、最新バージョンであるかをチェックします。「最新のバージョンではありません」と表示された場合には、表示ボタンを押下後ツール下部の内容を参考にして、ベンダから最新のバージョンを入手してください。 利用に関する情報は、&lt;a href="https://jvndb.jvn.jp/apis/myjvn/index.html"&gt;MyJVNのウェブページ&lt;a&gt;を参照ください。</funcDescVc>
    <!-- 製品名ラベルヘッダー（昇順） -->
    <versihinmeiheadasc>ソフトウェア製品名　▲</versihinmeiheadasc>
    <!-- 製品名ラベルヘッダー（降順） -->
    <versihinmeiheaddesc>ソフトウェア製品名　▼</versihinmeiheaddesc>
    <!-- バージョンチェック結果ラベルヘッダー -->
    <verresulthead>チェック結果　▲</verresulthead>
    <!-- バージョンチェック結果ラベルヘッダー（昇順） -->
    <verresultheadasc>チェック結果　▲（Ｘ○―順）</verresultheadasc>
    <!-- バージョンチェック結果ラベルヘッダー（降順） -->
    <verresultheaddesc>チェック結果　▼（―○Ｘ順）</verresultheaddesc>
    <!-- バージョンチェック結果詳細ラベルヘッダー（昇順） -->
    <verdetailsheadasc>結果詳細　▲</verdetailsheadasc>
    <!-- バージョンチェック結果詳細ラベルヘッダー（降順） -->
    <verdetailsheaddesc>結果詳細　▼</verdetailsheaddesc>
    <!-- 統合モード起動時のセキュリティ設定チェック機能名称 -->
    <funcNameSc>セキュリティ設定チェック</funcNameSc>
    <!-- 統合モード起動時のセキュリティ設定チェック機能説明 -->
    <funcDescSc>　　「選択」されたチェック項目を「実行」することで、セキュリティに関するPC設定値が参考値を満たしているかをチェックします。「参考値を満たしていません」と表示された場合には、表示ボタンを押下後ツール下部の内容を参考にしてPC設定値を変更してください。 利用に関する情報は、&lt;a href="https://jvndb.jvn.jp/apis/myjvn/index.html"&gt;MyJVNのウェブページ&lt;a&gt;を参照ください。</funcDescSc>
    <!-- チェック項目ラベルヘッダー（昇順） -->
    <seccheckitemheadasc>チェック項目　▲</seccheckitemheadasc>
    <!-- チェック項目ラベルヘッダー（降順） -->
    <seccheckitemheaddesc>チェック項目　▼</seccheckitemheaddesc>
    <!-- 参考値ラベルヘッダー -->
    <seccheckrefhead>参考値</seccheckrefhead>
    <!-- PC設定値ラベルヘッダー -->
    <secsettinghead>PC設定値</secsettinghead>
    <!-- セキュリティチェック結果ラベルヘッダー -->
    <secresulthead>チェック結果　▲</secresulthead>
    <!-- セキュリティチェック結果ラベルヘッダー（昇順） -->
    <secresultheadasc>チェック結果　▲(Ｘ○順)</secresultheadasc>
    <!-- セキュリティチェック結果ラベルヘッダー（降順） -->
    <secresultheaddesc>チェック結果　▼(○Ｘ順)</secresultheaddesc>
    <!-- セキュリティチェック結果詳細ラベルヘッダー（昇順） -->
    <secdetailsheadasc>結果詳細　▲</secdetailsheadasc>
    <!-- セキュリティチェック結果詳細ラベルヘッダー（降順） -->
    <secdetailsheaddesc>結果詳細　▼</secdetailsheaddesc>
    <!-- チェック結果詳細表示ボタン -->
    <detailsbutton>表示</detailsbutton>
    <!-- 詳細情報エリア2用(バージョンチェック) -->
    <verdetailslavel2>バージョン情報詳細</verdetailslavel2>
    <!-- 詳細情報エリア3用(バージョンチェック) -->
    <verdetailslavel3>あなたのPCに現在インストールされているアプリケーションの判定結果は以下の通りです</verdetailslavel3>
    <!-- 詳細情報エリア4用(バージョンチェック) -->
    <verdetailslavel4>[判定]</verdetailslavel4>
    <!-- 詳細情報エリア5用(バージョンチェック) -->
    <verdetailslavel5>[インストールバージョン]</verdetailslavel5>
    <!-- 詳細情報エリア6用(バージョンチェック) -->
    <verdetailslavel6>[最新バージョン]</verdetailslavel6>
    <!-- 詳細情報エリア10用(バージョンチェック) -->
    <verdetailslavel10>バージョンアップ方法は下記のURLを参照ください。&lt;br&gt;&amp;nbsp;&amp;nbsp;https://jvndb.jvn.jp/apis/myjvn/vcchecklist.html</verdetailslavel10>
    <!-- 詳細情報エリア2用(セキュリティ設定チェック) -->
    <secdetailslavel2>設定変更方法</secdetailslavel2>
    <!-- 詳細情報エリア5用(セキュリティ設定チェック) -->
    <secdetailslavel5>詳細情報</secdetailslavel5>
  </labels>
</config>
