<?xml version='1.0' encoding='UTF-8' ?>   <oval_definitions xmlns="http://oval.mitre.org/XMLSchema/oval-definitions-5" xmlns:oval="http://oval.mitre.org/XMLSchema/oval-common-5" xmlns:oval-def="http://oval.mitre.org/XMLSchema/oval-definitions-5" xmlns:jvnmeta="http://jvndb.jvn.jp/myjvn/jvnmetadata" xmlns:jvndef="http://jvndb.jvn.jp/myjvn/jvndefinitions" xmlns:xsi="http://www.w3.org/2001/XMLSchema-instance" xsi:schemaLocation="http://oval.mitre.org/XMLSchema/oval-definitions-5#windows http://oval.mitre.org/language/download/schema/version5.8/ovaldefinition/minimal/windows-definitions-schema.xsd http://oval.mitre.org/XMLSchema/oval-definitions-5#linux http://oval.mitre.org/language/download/schema/version5.8/ovaldefinition/minimal/linux-definitions-schema.xsd http://oval.mitre.org/XMLSchema/oval-definitions-5#independent http://oval.mitre.org/language/download/schema/version5.8/ovaldefinition/minimal/independent-definitions-schema.xsd http://oval.mitre.org/XMLSchema/oval-definitions-5 https://jvndb.jvn.jp/schema/oval-definitions-schema_5.8.xsd http://oval.mitre.org/XMLSchema/oval-common-5 http://oval.mitre.org/language/download/schema/version5.8/ovaldefinition/minimal/oval-common-schema.xsd http://jvndb.jvn.jp/myjvn/jvnmetadata https://jvndb.jvn.jp/schema/jvnmetadata_0.3.xsd">
    <generator>
      <oval:product_name>MyJVN OVAL Repository</oval:product_name>
      <oval:schema_version>5.8</oval:schema_version>
      <oval:timestamp>2013-04-03T17:16:58+09:00</oval:timestamp>
    </generator>
    <definitions>
      <definition id="oval:jp.jvn.jvndb.v1.oval:def:56" version="1" class="compliance">
        <metadata>
          <title>USB自動起動パッチ(KB971029)</title>
          <affected family="windows">
            <platform>cpe:/o:microsoft:windows-nt:2003:-:~-~-~-~-~:-</platform>
            <platform>cpe:/o:microsoft:windows-nt:2003:-:~-~-~-~x64~:-</platform>
            <platform>cpe:/o:microsoft:windows-nt:vista:-:~-~-~-~-~:-</platform>
            <platform>cpe:/o:microsoft:windows-nt:xp:-:~-~-~-~-~:-</platform>
            <platform>cpe:/o:microsoft:windows:server_2008:-:~-~-~-~x32~:-</platform>
            <platform>cpe:/o:microsoft:windows:server_2008:-:~-~-~-~x64~:-</platform>
          </affected>
          <description/>
          <oval_repository>
            <dates>
              <submitted date="2013-04-03T17:16:58+09:00">
                <contributor organization="Information Promotion Agency, Japan">Security Center</contributor>
              </submitted>
              <status_change date="2013-04-03T17:16:58+09:00">accepted</status_change>
              <status>accepted</status>
            </dates>
          </oval_repository>
          <jvnmeta:oval-metadata>
            <jvnmeta:title/>
            <jvnmeta:reference source="CCE" ref_id="" ref_url="https://jvndb.jvn.jp/apis/myjvn/ccchecklist.html"/>
          </jvnmeta:oval-metadata>
        </metadata>
        <criteria operator="AND">
          <criterion comment="コメント" test_ref="oval:jp.jvn.jvndb.v1.oval:tst:561"/>
        </criteria>
      </definition>
    </definitions>
    <tests>
      <wmi57_test xmlns="http://oval.mitre.org/XMLSchema/oval-definitions-5#windows" id="oval:jp.jvn.jvndb.v1.oval:tst:561" version="1" comment="コメント" check="all">
        <object object_ref="oval:jp.jvn.jvndb.v1.oval:obj:561"/>
        <state state_ref="oval:jp.jvn.jvndb.v1.oval:ste:561"/>
      </wmi57_test>
    </tests>
    <objects>
      <wmi57_object xmlns="http://oval.mitre.org/XMLSchema/oval-definitions-5#windows" id="oval:jp.jvn.jvndb.v1.oval:obj:561" version="1">
        <namespace>root\cimv2</namespace>
        <wql>SELECT HotFixID FROM Win32_QuickFixEngineering</wql>
      </wmi57_object>
    </objects>
    <states>
      <wmi57_state xmlns="http://oval.mitre.org/XMLSchema/oval-definitions-5#windows" id="oval:jp.jvn.jvndb.v1.oval:ste:561" version="1">
        <result operation="equals">KB971029</result>
      </wmi57_state>
    </states>
    <variables>
      <external_variable id="oval:jp.jvn.jvndb.v1.oval:var:561" version="1" comment="コメント" datatype="string"/>
    </variables>
  </oval_definitions>

