<?xml version='1.0' encoding='UTF-8' ?>   <oval_definitions xmlns="http://oval.mitre.org/XMLSchema/oval-definitions-5" xmlns:oval="http://oval.mitre.org/XMLSchema/oval-common-5" xmlns:oval-def="http://oval.mitre.org/XMLSchema/oval-definitions-5" xmlns:jvnmeta="http://jvndb.jvn.jp/myjvn/jvnmetadata" xmlns:jvndef="http://jvndb.jvn.jp/myjvn/jvndefinitions" xmlns:xsi="http://www.w3.org/2001/XMLSchema-instance" xsi:schemaLocation="http://oval.mitre.org/XMLSchema/oval-definitions-5#windows http://oval.mitre.org/language/download/schema/version5.8/ovaldefinition/minimal/windows-definitions-schema.xsd http://oval.mitre.org/XMLSchema/oval-definitions-5#linux http://oval.mitre.org/language/download/schema/version5.8/ovaldefinition/minimal/linux-definitions-schema.xsd http://oval.mitre.org/XMLSchema/oval-definitions-5#independent http://oval.mitre.org/language/download/schema/version5.8/ovaldefinition/minimal/independent-definitions-schema.xsd http://oval.mitre.org/XMLSchema/oval-definitions-5 https://jvndb.jvn.jp/schema/oval-definitions-schema_5.8.xsd http://oval.mitre.org/XMLSchema/oval-common-5 http://oval.mitre.org/language/download/schema/version5.8/ovaldefinition/minimal/oval-common-schema.xsd http://jvndb.jvn.jp/myjvn/jvnmetadata https://jvndb.jvn.jp/schema/jvnmetadata_0.3.xsd">
    <generator>
      <oval:product_name>MyJVN OVAL Repository</oval:product_name>
      <oval:schema_version>5.8</oval:schema_version>
      <oval:timestamp>2013-04-03T17:15:53+09:00</oval:timestamp>
    </generator>
    <definitions>
      <definition id="oval:jp.jvn.jvndb.v1.oval:def:41" version="1" class="compliance">
        <metadata>
          <title>スクリーンセーバーのタイムアウト</title>
          <affected family="windows">
            <platform>cpe:/o:microsoft:windows-nt:2003:-:~-~-~-~-~:-</platform>
            <platform>cpe:/o:microsoft:windows-nt:2003:-:~-~-~-~x64~:-</platform>
            <platform>cpe:/o:microsoft:windows-nt:vista:-:~-~-~-~-~:-</platform>
            <platform>cpe:/o:microsoft:windows-nt:xp:-:~-~-~-~-~:-</platform>
            <platform>cpe:/o:microsoft:windows:server_2008:-:~-~-~-~x32~:-</platform>
            <platform>cpe:/o:microsoft:windows:server_2008:-:~-~-~-~x64~:-</platform>
            <platform>cpe:/o:microsoft:windows_7:-:-:~-~-~-~x32~:-</platform>
            <platform>cpe:/o:microsoft:windows_7:-:-:~-~-~-~x64~:-</platform>
          </affected>
          <description>スクリーンセーバーのタイムアウト</description>
          <oval_repository>
            <dates>
              <submitted date="2013-04-03T17:15:53+09:00">
                <contributor organization="Information Promotion Agency, Japan">Security Center</contributor>
              </submitted>
              <status_change date="2013-04-03T17:15:53+09:00">accepted</status_change>
              <status>accepted</status>
            </dates>
          </oval_repository>
          <jvnmeta:oval-metadata>
            <jvnmeta:title/>
            <jvnmeta:reference source="CCE" ref_id="" ref_url="https://jvndb.jvn.jp/apis/myjvn/ccchecklist.html"/>
          </jvnmeta:oval-metadata>
        </metadata>
        <criteria operator="OR">
          <criterion comment="スクリーンセーバーのタイムアウト" test_ref="oval:jp.jvn.jvndb.v1.oval:tst:411"/>
        </criteria>
      </definition>
    </definitions>
    <tests>
      <registry_test xmlns="http://oval.mitre.org/XMLSchema/oval-definitions-5#windows" id="oval:jp.jvn.jvndb.v1.oval:tst:411" version="1" comment="スクリーンセーバーのタイムアウト" check="all">
        <object object_ref="oval:jp.jvn.jvndb.v1.oval:obj:411"/>
        <state state_ref="oval:jp.jvn.jvndb.v1.oval:ste:411"/>
      </registry_test>
    </tests>
    <objects>
      <registry_object xmlns="http://oval.mitre.org/XMLSchema/oval-definitions-5#windows" id="oval:jp.jvn.jvndb.v1.oval:obj:411" version="1">
        <hive>HKEY_CURRENT_USER</hive>
        <key>Control Panel\Desktop\</key>
        <name>ScreenSaveTimeOut</name>
      </registry_object>
    </objects>
    <states>
      <registry_state xmlns="http://oval.mitre.org/XMLSchema/oval-definitions-5#windows" id="oval:jp.jvn.jvndb.v1.oval:ste:411" version="1">
        <value datatype="string" operation="equals" var_ref="oval:jp.jvn.jvndb.v1.oval:var:411"/>
      </registry_state>
    </states>
    <variables>
      <external_variable id="oval:jp.jvn.jvndb.v1.oval:var:411" version="1" comment="コメント" datatype="string"/>
    </variables>
  </oval_definitions>

