<?xml version='1.0' encoding='UTF-8' ?>   <oval_definitions xmlns="http://oval.mitre.org/XMLSchema/oval-definitions-5" xmlns:oval="http://oval.mitre.org/XMLSchema/oval-common-5" xmlns:oval-def="http://oval.mitre.org/XMLSchema/oval-definitions-5" xmlns:jvnmeta="http://jvndb.jvn.jp/myjvn/jvnmetadata" xmlns:jvndef="http://jvndb.jvn.jp/myjvn/jvndefinitions" xmlns:xsi="http://www.w3.org/2001/XMLSchema-instance" xsi:schemaLocation="http://oval.mitre.org/XMLSchema/oval-definitions-5#windows http://oval.mitre.org/language/download/schema/version5.8/ovaldefinition/minimal/windows-definitions-schema.xsd http://oval.mitre.org/XMLSchema/oval-definitions-5#linux http://oval.mitre.org/language/download/schema/version5.8/ovaldefinition/minimal/linux-definitions-schema.xsd http://oval.mitre.org/XMLSchema/oval-definitions-5#independent http://oval.mitre.org/language/download/schema/version5.8/ovaldefinition/minimal/independent-definitions-schema.xsd http://oval.mitre.org/XMLSchema/oval-definitions-5 https://jvndb.jvn.jp/schema/oval-definitions-schema_5.8.xsd http://oval.mitre.org/XMLSchema/oval-common-5 http://oval.mitre.org/language/download/schema/version5.8/ovaldefinition/minimal/oval-common-schema.xsd http://jvndb.jvn.jp/myjvn/jvnmetadata https://jvndb.jvn.jp/schema/jvnmetadata_0.3.xsd">
    <generator>
      <oval:product_name>MyJVN OVAL Repository</oval:product_name>
      <oval:schema_version>5.8</oval:schema_version>
      <oval:timestamp>2013-04-03T17:15:38+09:00</oval:timestamp>
    </generator>
    <definitions>
      <definition id="oval:jp.jvn.jvndb.v1.oval:def:40" version="1" class="compliance">
        <metadata>
          <title>ロックアウト期間</title>
          <affected family="windows">
            <platform>cpe:/o:microsoft:windows-nt:xp:-:~-~-~-~-~:-</platform>
          </affected>
          <description>ロックアウト期間</description>
          <oval_repository>
            <dates>
              <submitted date="2013-04-03T17:15:38+09:00">
                <contributor organization="Information Promotion Agency, Japan">Security Center</contributor>
              </submitted>
              <status_change date="2013-04-03T17:15:38+09:00">accepted</status_change>
              <status>accepted</status>
            </dates>
          </oval_repository>
          <jvnmeta:oval-metadata>
            <jvnmeta:title/>
            <jvnmeta:reference source="CCE" ref_id="" ref_url="https://jvndb.jvn.jp/apis/myjvn/ccchecklist.html"/>
          </jvnmeta:oval-metadata>
        </metadata>
        <criteria operator="AND">
          <criterion comment="ロックアウト期間" test_ref="oval:jp.jvn.jvndb.v1.oval:tst:401"/>
        </criteria>
      </definition>
    </definitions>
    <tests>
      <lockoutpolicy_test xmlns="http://oval.mitre.org/XMLSchema/oval-definitions-5#windows" id="oval:jp.jvn.jvndb.v1.oval:tst:401" version="1" comment="ロックアウト期間" check="all">
        <object object_ref="oval:jp.jvn.jvndb.v1.oval:obj:401"/>
        <state state_ref="oval:jp.jvn.jvndb.v1.oval:ste:401"/>
      </lockoutpolicy_test>
    </tests>
    <objects>
      <lockoutpolicy_object xmlns="http://oval.mitre.org/XMLSchema/oval-definitions-5#windows" id="oval:jp.jvn.jvndb.v1.oval:obj:401" version="1">
        <jvndef:api_object>
          <jvndef:filename>jp.myjvn.checker.common.reader.PolicyReader</jvndef:filename>
          <jvndef:functionname>func1</jvndef:functionname>
          <jvndef:parameter>6</jvndef:parameter>
        </jvndef:api_object>
      </lockoutpolicy_object>
    </objects>
    <states>
      <lockoutpolicy_state xmlns="http://oval.mitre.org/XMLSchema/oval-definitions-5#windows" id="oval:jp.jvn.jvndb.v1.oval:ste:401" version="1">
        <lockout_duration datatype="" operation="" var_ref="oval:jp.jvn.jvndb.v1.oval:var:401"/>
      </lockoutpolicy_state>
    </states>
    <variables>
      <external_variable id="oval:jp.jvn.jvndb.v1.oval:var:401" version="1" comment="ロックアウト期間" datatype="string"/>
    </variables>
  </oval_definitions>

