<?xml version='1.0' encoding='UTF-8' ?>   <oval_definitions xmlns="http://oval.mitre.org/XMLSchema/oval-definitions-5" xmlns:oval="http://oval.mitre.org/XMLSchema/oval-common-5" xmlns:oval-def="http://oval.mitre.org/XMLSchema/oval-definitions-5" xmlns:jvnmeta="http://jvndb.jvn.jp/myjvn/jvnmetadata" xmlns:jvndef="http://jvndb.jvn.jp/myjvn/jvndefinitions" xmlns:xsi="http://www.w3.org/2001/XMLSchema-instance" xsi:schemaLocation="http://oval.mitre.org/XMLSchema/oval-definitions-5#windows http://oval.mitre.org/language/download/schema/version5.8/ovaldefinition/minimal/windows-definitions-schema.xsd http://oval.mitre.org/XMLSchema/oval-definitions-5#linux http://oval.mitre.org/language/download/schema/version5.8/ovaldefinition/minimal/linux-definitions-schema.xsd http://oval.mitre.org/XMLSchema/oval-definitions-5#independent http://oval.mitre.org/language/download/schema/version5.8/ovaldefinition/minimal/independent-definitions-schema.xsd http://oval.mitre.org/XMLSchema/oval-definitions-5 https://jvndb.jvn.jp/schema/oval-definitions-schema_5.8.xsd http://oval.mitre.org/XMLSchema/oval-common-5 http://oval.mitre.org/language/download/schema/version5.8/ovaldefinition/minimal/oval-common-schema.xsd http://jvndb.jvn.jp/myjvn/jvnmetadata https://jvndb.jvn.jp/schema/jvnmetadata_0.3.xsd">
    <generator>
      <oval:product_name>MyJVN OVAL Repository</oval:product_name>
      <oval:schema_version>5.8</oval:schema_version>
      <oval:timestamp>2013-04-03T17:13:23+09:00</oval:timestamp>
    </generator>
    <definitions>
      <definition id="oval:jp.jvn.jvndb.v1.oval:def:137" version="1" class="compliance">
        <metadata>
          <title>パスワードの有効期間(Linux)</title>
          <affected family="unix">
            <platform>cpe:/o:centos:centos:5:-:~-~-~-~-~:-</platform>
            <platform>cpe:/o:redhat:enterprise_linux:-:-:~-~-~-~-~:-</platform>
          </affected>
          <description>パスワードの有効期間(Linux)</description>
          <oval_repository>
            <dates>
              <submitted date="2013-04-03T17:13:23+09:00">
                <contributor organization="Information Promotion Agency, Japan">Security Center</contributor>
              </submitted>
              <status_change date="2013-04-03T17:13:23+09:00">draft</status_change>
              <status>draft</status>
            </dates>
          </oval_repository>
          <jvnmeta:oval-metadata>
            <jvnmeta:title/>
            <jvnmeta:reference source="CCE" ref_id="" ref_url="https://jvndb.jvn.jp/apis/myjvn/ccchecklist.html"/>
          </jvnmeta:oval-metadata>
        </metadata>
        <criteria operator="AND">
          <criterion comment="パスワードの有効期間" test_ref="oval:jp.jvn.jvndb.v1.oval:tst:1371"/>
        </criteria>
      </definition>
    </definitions>
    <tests>
      <passwordpolicy_test xmlns="http://oval.mitre.org/XMLSchema/oval-definitions-5#windows" id="oval:jp.jvn.jvndb.v1.oval:tst:1371" version="1" comment="パスワードの有効期間" check="all">
        <object object_ref="oval:jp.jvn.jvndb.v1.oval:obj:1371"/>
        <state state_ref="oval:jp.jvn.jvndb.v1.oval:ste:1371"/>
      </passwordpolicy_test>
    </tests>
    <objects>
      <passwordpolicy_object xmlns="http://oval.mitre.org/XMLSchema/oval-definitions-5#windows" id="oval:jp.jvn.jvndb.v1.oval:obj:1371" version="1">
        <jvndef:api_object>
          <jvndef:filename>jp.myjvn.checker.common.reader.PolicyReader</jvndef:filename>
          <jvndef:functionname>func4</jvndef:functionname>
          <jvndef:parameter>2</jvndef:parameter>
        </jvndef:api_object>
      </passwordpolicy_object>
    </objects>
    <states>
      <passwordpolicy_state xmlns="http://oval.mitre.org/XMLSchema/oval-definitions-5#windows" id="oval:jp.jvn.jvndb.v1.oval:ste:1371" version="1">
        <max_passwd_age datatype="" operation="" var_ref="oval:jp.jvn.jvndb.v1.oval:var:1371"/>
      </passwordpolicy_state>
    </states>
    <variables>
      <external_variable id="oval:jp.jvn.jvndb.v1.oval:var:1371" version="1" comment="パスワードの有効期間" datatype="string"/>
    </variables>
  </oval_definitions>

